배우들의,카시오페아,감사합니다,영화네요,잘봤습니다,마지막에,홉킨스의,생각을,사랑이,재미있게,줄리안,오늘을,봐도,마음이,감동을,눈물,보았습니다,좋아요,드라마,기억은,추천합니다,살아가세요,생각하게,인생영화,홉킨스,좋은,보면,좋았습니다,나는,크리스토퍼,마지막,슬프고,엄마랑,가족의,내가,불과하다지만,아름다운,슬퍼요,재미있어요,영화관에서,오랜만에,부시게,연기,다시,슬프다,부모님과,눈이,배우들,반전이,펑펑,감동이,사랑을,사랑,잔잔하고,생각보다,영화를,영화입니다,딸에,그럼에도,영화가,레이첼,현실적인,안소니,아름답다,기억을,잔잔한,하게,보는내내,연기가,좋았어요,진짜,슬픈,연기는,감동적인,로맨스,부모님,놀란,잔잔하게,역시,명작,감동,소중함을,나도,감동적이고,사랑은,사랑하는,생각이,서현진,메멘토,재밌어요,가슴이,다시봐도,영화는,무어의,재밌게,맥아담스,반전
6,1,0,4,0,2,0,5,4,1,1,1,1,6,3,7,0,3,9,1,0,0,2,0,0,28,1,12,7,1,3,0,1,10,2,0,5,0,0,0,7,1,64,5,0,0,3,1,5,3,3,5,3,1,1,15,6,0,2,13,1,6,3,1,0,11,1,5,213,10,7,4,52,8,1,1,2,2,6,2,7,1,4,2,1,1,5,2,1,0,2,1,9,0,0,0,4
1,52,0,0,4,0,0,0,0,1,0,0,0,0,1,0,0,0,0,0,0,0,0,0,0,0,0,2,0,0,0,1,0,1,0,0,0,0,0,0,0,0,0,1,1,0,0,1,0,0,0,0,0,0,0,0,0,0,0,6,0,0,0,0,1,0,0,0,3,5,0,1,0,0,0,0,0,0,0,0,0,1,0,0,0,0,0,4,0,0,0,0,0,0,5,0,0
0,0,10,2,17,0,0,1,1,2,0,1,0,3,1,1,3,2,6,0,0,0,0,0,0,34,0,2,0,0,2,0,0,0,1,0,1,0,2,0,3,2,5,2,0,0,1,0,0,0,1,2,1,0,0,12,2,0,0,3,0,1,0,0,0,0,0,0,1,3,2,1,1,0,0,3,1,0,0,1,1,1,0,0,1,0,3,1,0,0,2,0,1,0,3,1,0
4,0,2,2,1,0,1,5,0,2,0,0,2,10,7,4,1,2,0,0,3,0,17,0,0,36,7,6,5,0,3,3,3,4,1,0,3,1,0,0,3,0,1,16,1,3,0,0,2,6,9,3,1,0,1,3,2,0,0,1,0,0,0,0,3,4,11,0,1,1,3,11,1,8,1,2,3,2,4,0,2,7,2,2,0,1,16,2,0,0,11,4,2,1,1,0,2
0,4,17,1,52,1,0,1,0,33,0,0,1,2,0,0,0,6,0,1,2,0,1,1,1,7,0,4,0,0,2,0,2,1,0,0,1,1,3,0,4,0,8,3,0,0,0,0,1,0,0,0,0,0,0,0,0,9,0,0,0,1,0,0,0,0,1,0,3,5,1,1,0,1,1,0,0,2,1,1,2,1,0,0,0,0,1,1,5,2,1,2,1,0,22,0,0
2,0,0,0,1,2,0,2,0,2,1,0,0,5,4,11,0,0,2,1,0,0,2,1,1,3,3,2,5,0,5,2,1,1,5,0,4,3,0,1,0,1,2,7,0,1,1,3,11,9,4,4,2,3,2,8,0,0,1,0,2,2,2,0,12,1,1,0,3,3,16,5,1,2,1,2,3,3,0,3,7,1,6,1,3,2,6,0,0,1,9,0,5,0,2,0,5
0,0,0,1,0,0,0,0,0,0,0,0,1,4,0,0,0,0,0,0,0,0,0,0,0,3,3,1,1,0,10,0,0,0,5,0,0,0,0,0,0,0,53,1,0,0,0,0,0,0,0,0,0,0,0,9,0,0,0,2,0,1,259,0,2,0,0,0,48,0,1,3,53,0,0,0,0,0,3,1,0,0,1,0,0,0,0,0,1,0,4,0,4,0,0,0,0
5,0,1,5,1,2,0,14,2,0,3,1,3,3,0,1,0,1,2,6,1,0,3,1,0,4,5,3,12,1,6,2,1,4,20,0,1,0,0,0,4,0,7,21,1,1,0,3,4,2,4,4,2,1,0,34,8,1,1,15,1,2,1,0,5,2,166,2,5,2,8,2,2,1,0,13,4,2,3,1,7,2,7,0,3,2,5,0,0,2,3,0,5,0,0,0,0
4,0,1,0,0,0,0,2,34,0,1,0,0,8,1,5,0,0,1,0,1,0,2,0,0,8,5,1,24,0,10,2,0,25,26,0,31,0,0,0,1,0,0,27,0,0,2,0,2,6,4,40,32,0,1,17,5,0,4,15,10,5,0,7,12,2,2,1,3,2,24,6,0,6,8,1,0,1,2,1,5,2,14,3,25,9,8,0,0,0,3,0,10,0,0,1,0
1,1,2,2,33,2,0,0,0,4,0,0,0,0,1,1,52,3,2,0,0,0,1,0,0,7,0,1,1,0,1,0,4,2,0,0,0,0,0,0,3,0,2,0,1,0,0,4,5,1,2,0,0,1,5,6,2,3,0,1,0,0,0,0,0,1,0,1,1,3,4,1,1,2,0,3,2,0,2,0,2,1,1,3,0,0,0,0,1,0,1,1,2,0,0,0,1
1,0,0,0,0,1,0,3,1,0,10,0,1,3,2,3,0,1,1,1,0,0,1,0,1,3,0,2,5,0,6,0,0,0,11,0,4,0,0,0,0,0,32,9,0,0,0,2,0,0,0,0,3,0,1,11,1,0,4,8,0,0,0,1,9,7,1,1,11,0,6,2,5,0,0,0,0,1,15,0,1,1,3,0,0,1,1,0,0,0,0,0,4,258,0,0,0
1,0,1,0,0,0,0,1,0,0,0,2,0,0,1,0,0,0,13,0,0,161,0,0,0,0,1,91,4,0,3,0,0,0,1,1,0,0,0,0,0,9,1,1,0,0,34,0,0,0,0,0,1,0,0,0,0,0,3,0,0,0,0,0,2,0,0,0,0,0,0,0,0,0,0,0,0,0,0,0,1,1,1,1,4,1,1,0,0,0,1,0,0,0,0,0,0
1,0,0,2,1,0,1,3,0,0,1,0,60,4,2,13,1,4,5,0,1,0,1,2,0,29,3,0,12,2,1,1,0,0,14,0,4,1,3,3,10,0,9,203,1,2,2,1,3,4,3,4,5,0,0,10,5,0,2,3,6,0,1,1,3,1,1,0,4,1,16,7,3,7,0,1,10,1,19,24,4,0,2,2,1,2,5,1,7,2,1,2,11,0,1,1,4
6,0,3,10,2,5,4,3,8,0,3,0,4,24,1,6,0,2,11,3,2,0,2,0,0,10,9,2,19,0,11,4,1,11,28,1,15,2,0,1,8,5,8,21,3,2,7,3,2,9,5,16,10,1,2,30,13,0,3,12,3,4,3,3,6,3,4,7,11,3,10,6,0,5,3,6,0,1,4,0,2,2,19,3,14,26,16,1,0,0,13,2,9,0,2,0,1
3,1,1,7,0,4,0,0,1,1,2,1,2,1,4,2,0,0,9,0,3,0,3,1,0,7,2,0,2,0,11,0,4,4,3,0,10,0,0,1,2,0,2,5,0,2,2,1,5,3,2,3,4,1,0,12,6,0,2,9,0,1,0,1,3,42,0,1,5,1,3,1,1,1,1,0,0,5,1,0,2,1,1,0,1,0,0,0,0,0,2,0,5,2,1,1,4
7,0,1,4,0,11,0,1,5,1,3,0,13,6,2,14,0,2,20,2,1,0,3,2,0,11,8,3,25,0,15,3,9,3,18,0,10,4,0,4,9,0,25,10,7,5,7,4,3,82,1,7,8,0,3,12,4,0,2,13,2,3,1,1,0,0,1,4,5,3,32,11,2,3,5,7,0,4,7,4,25,3,15,2,1,1,5,3,0,1,4,1,11,1,3,0,11
0,0,3,1,0,0,0,0,0,52,0,0,1,0,0,0,28,1,0,0,0,0,2,0,0,6,0,0,0,0,3,0,0,0,0,0,1,0,0,0,0,0,2,1,0,2,0,1,1,0,0,1,0,0,1,5,1,3,0,0,0,1,0,0,1,0,1,1,1,3,0,0,0,0,0,2,0,0,0,1,0,0,0,1,0,1,0,1,0,0,1,0,0,0,4,0,0
3,0,2,2,6,0,0,1,0,3,1,0,4,2,0,2,1,122,1,0,3,0,0,0,0,2,6,0,1,1,0,1,2,1,1,0,4,3,6,3,1,0,24,9,0,5,0,2,1,2,2,0,3,1,1,2,0,6,0,4,0,0,1,0,0,3,2,1,45,4,3,0,5,0,1,0,1,2,3,1,1,1,0,2,0,1,0,2,4,4,1,2,0,0,4,0,0
9,0,6,0,0,2,0,2,1,2,1,13,5,11,9,20,0,1,54,1,1,2,7,0,1,23,9,2,21,1,23,5,2,1,21,3,9,0,0,0,10,14,12,25,3,0,41,1,3,6,7,1,5,0,3,3,1,0,6,5,1,3,0,0,0,13,4,0,9,1,17,4,10,5,4,1,0,0,5,1,17,4,9,2,0,2,11,1,0,0,5,0,3,1,1,0,9
1,0,0,0,1,1,0,6,0,0,1,0,0,3,0,2,0,0,1,42,0,0,0,2,0,8,4,0,13,1,4,0,1,0,22,1,7,0,0,0,3,2,2,7,2,0,2,0,0,0,0,1,3,0,0,7,0,0,1,6,0,0,0,0,35,0,3,0,0,0,3,2,2,0,0,0,10,2,4,0,1,0,2,0,10,2,3,0,5,0,1,0,6,1,1,0,2
0,0,0,3,2,0,0,1,1,0,0,0,1,2,3,1,0,3,1,0,6,0,1,0,0,6,2,2,2,0,1,0,1,0,0,0,0,0,7,1,0,1,2,2,0,1,1,0,2,1,2,0,1,0,0,2,10,0,0,0,0,0,0,0,0,3,2,0,1,8,0,0,0,3,0,0,1,0,2,0,2,0,0,2,0,0,1,0,0,2,1,2,0,0,4,0,1
0,0,0,0,0,0,0,0,0,0,0,161,0,0,0,0,0,0,2,0,0,0,0,0,0,0,0,2,0,0,0,0,0,0,0,0,0,0,0,0,0,1,0,0,0,0,148,0,0,0,0,0,0,0,0,0,0,0,1,0,0,0,0,0,0,0,0,0,0,0,0,0,0,0,0,0,0,0,0,0,0,0,0,0,0,0,0,0,0,0,0,0,0,0,0,0,0
2,0,0,17,1,2,0,3,2,1,1,0,1,2,3,3,2,0,7,0,1,0,10,0,0,14,2,0,10,1,10,3,3,15,20,0,5,1,0,0,1,0,5,91,0,4,0,2,1,1,3,6,3,2,0,12,12,3,0,12,0,1,4,0,4,9,3,2,7,5,6,1,0,1,0,5,2,2,3,1,1,5,8,1,2,5,3,0,0,0,2,1,7,1,1,0,2
0,0,0,0,1,1,0,1,0,0,0,0,2,0,1,2,0,0,0,2,0,0,0,4,0,0,0,0,0,1,1,1,0,0,2,0,2,0,0,2,0,0,1,3,1,0,0,0,0,1,0,1,0,0,0,3,2,0,0,1,1,0,0,0,0,0,1,1,0,1,12,1,0,0,1,0,0,0,4,2,0,1,2,1,0,1,1,1,7,0,1,0,3,1,0,1,0
0,0,0,0,1,1,0,0,0,0,1,0,0,0,0,0,0,0,1,0,0,0,0,0,0,1,2,0,0,0,2,0,0,1,4,0,0,0,0,0,0,0,27,1,1,0,0,0,0,0,0,0,0,0,0,3,0,0,0,1,0,1,152,0,1,0,0,0,14,3,4,0,21,0,0,0,0,0,2,0,1,0,0,0,0,0,1,0,0,0,1,0,2,0,0,0,0
28,0,34,36,7,3,3,4,8,7,3,0,29,10,7,11,6,2,23,8,6,0,14,0,1,104,54,8,20,1,11,4,4,8,23,1,8,0,0,3,23,4,43,29,1,13,6,4,6,2,11,16,7,5,2,63,46,2,8,28,5,1,6,0,16,8,5,1,29,5,17,6,4,3,9,8,3,5,13,6,6,7,17,3,1,6,18,6,2,0,8,13,54,4,5,0,2
1,0,0,7,0,3,3,5,5,0,0,1,3,9,2,8,0,6,9,4,2,0,2,0,2,54,20,2,13,2,6,4,4,5,16,1,17,1,0,2,1,0,9,30,2,17,2,3,5,8,8,7,7,1,2,44,7,1,4,10,1,3,6,0,9,3,2,0,6,0,18,4,2,4,6,4,5,1,2,0,5,1,7,0,7,12,11,0,0,2,6,2,9,1,6,0,0
12,2,2,6,4,2,1,3,1,1,2,91,0,2,0,3,0,0,2,0,2,2,0,0,0,8,2,8,1,1,5,0,1,5,1,11,1,0,0,8,6,1,29,10,0,2,3,2,3,2,3,2,2,3,3,5,2,8,89,4,0,2,2,0,0,4,0,2,93,2,5,1,8,2,0,1,0,0,5,1,3,0,1,9,0,0,6,3,3,0,1,2,5,0,1,0,1
7,0,0,5,0,5,1,12,24,1,5,4,12,19,2,25,0,1,21,13,2,0,10,0,0,20,13,1,162,0,38,6,6,4,184,1,16,1,0,1,3,1,9,58,8,0,11,1,2,9,1,38,18,2,3,53,4,7,17,33,7,5,3,1,43,3,9,3,8,1,28,8,4,2,5,4,0,2,14,1,4,2,23,3,15,21,39,0,0,0,5,1,30,2,1,0,2
1,0,0,0,0,0,0,1,0,0,0,0,2,0,0,0,0,1,1,1,0,0,1,1,0,1,2,1,0,0,2,0,0,0,3,0,1,0,0,1,1,0,0,5,0,0,0,0,3,0,0,0,0,0,0,3,0,0,0,3,0,0,0,0,2,0,0,0,0,1,7,0,0,0,0,1,148,0,24,4,1,0,0,0,0,0,2,0,9,0,0,1,8,0,0,0,1
3,0,2,3,2,5,10,6,10,1,6,3,1,11,11,15,3,0,23,4,1,0,10,1,2,11,6,5,38,2,42,8,4,5,25,3,13,3,0,0,2,6,14,29,7,2,7,6,31,9,7,11,19,0,1,22,6,2,11,24,2,0,11,2,19,7,3,1,12,1,31,4,17,3,9,1,5,2,11,2,8,4,15,4,8,9,14,0,0,1,12,0,16,3,4,1,23
0,1,0,3,0,2,0,2,2,0,0,0,1,4,0,3,0,1,5,0,0,0,3,1,0,4,4,0,6,0,8,12,1,1,7,1,22,0,2,1,6,0,5,6,2,0,2,3,2,1,0,1,3,3,2,4,5,1,0,4,0,3,3,4,2,1,1,2,9,1,17,4,2,15,1,2,1,3,1,0,4,1,4,6,0,4,10,1,0,3,5,2,6,0,1,0,6
1,0,0,3,2,1,0,1,0,4,0,0,0,1,4,9,0,2,2,1,1,0,3,0,0,4,4,1,6,0,4,1,2,2,2,0,1,1,0,1,4,0,1,2,0,1,0,0,2,6,0,0,0,5,1,2,1,1,1,3,0,0,0,0,0,1,0,1,2,8,4,0,0,0,0,0,0,0,1,0,1,0,1,0,0,0,7,0,0,0,3,0,3,0,2,0,2
10,1,0,4,1,1,0,4,25,2,0,0,0,11,4,3,0,1,1,0,0,0,15,0,1,8,5,5,4,0,5,1,2,16,12,0,7,0,0,0,4,0,2,29,2,2,0,1,3,3,5,34,26,0,1,10,3,2,3,10,0,7,0,0,8,5,2,0,5,4,5,4,4,2,1,2,0,3,8,0,3,99,0,4,9,5,9,2,0,0,3,0,19,1,0,0,6
2,0,1,1,0,5,5,20,26,0,11,1,14,28,3,18,0,1,21,22,0,0,20,2,4,23,16,1,184,3,25,7,2,12,414,7,21,0,0,5,3,3,14,80,12,2,11,3,2,8,1,35,23,1,6,91,0,6,14,45,8,8,9,3,46,2,14,5,15,2,47,21,11,4,21,1,6,1,11,3,1,4,54,0,12,65,34,3,3,0,11,1,30,2,1,1,3
0,0,0,0,0,0,0,0,0,0,0,1,0,1,0,0,0,0,3,1,0,0,0,0,0,1,1,11,1,0,3,1,0,0,7,0,2,0,0,0,1,2,0,1,0,0,1,0,0,0,0,0,0,0,0,0,0,0,80,0,0,0,0,0,0,0,0,0,0,0,0,0,0,0,0,0,0,0,0,0,0,0,3,0,0,0,0,0,0,0,1,0,0,0,0,0,0
5,0,1,3,1,4,0,1,31,0,4,0,4,15,10,10,1,4,9,7,0,0,5,2,0,8,17,1,16,1,13,22,1,7,21,2,102,0,1,1,1,28,9,23,3,3,12,1,3,2,4,29,69,5,1,14,11,1,11,17,9,2,0,6,16,1,2,1,4,3,16,14,5,5,11,2,1,1,7,3,4,1,12,6,20,15,7,0,0,0,5,1,20,5,1,4,4
0,0,0,1,1,3,0,0,0,0,0,0,1,2,0,4,0,3,0,0,0,0,1,0,0,0,1,0,1,0,3,0,1,0,0,0,0,2,0,0,0,0,1,0,0,2,0,1,1,2,0,0,0,1,0,0,3,0,1,4,0,0,0,0,4,0,0,3,3,0,6,1,0,0,1,2,0,1,0,0,1,1,4,2,1,0,3,2,0,1,3,0,3,0,0,0,1
0,0,2,0,3,0,0,0,0,0,0,0,3,0,0,0,0,6,0,0,7,0,0,0,0,0,0,0,0,0,0,2,0,0,0,0,1,0,52,0,0,0,0,0,0,0,0,0,0,0,0,0,0,0,0,0,1,1,0,0,0,0,0,0,0,0,0,0,0,0,2,0,0,0,0,0,0,0,0,0,1,0,0,3,0,0,0,1,1,0,0,1,0,0,1,0,1
0,0,0,0,0,1,0,0,0,0,0,0,3,1,1,4,0,3,0,0,1,0,0,2,0,3,2,8,1,1,0,1,1,0,5,0,1,0,0,2,5,0,1,27,1,1,0,1,0,2,0,1,1,0,1,20,6,0,0,1,2,0,0,0,0,0,1,0,1,13,7,1,0,3,0,1,5,0,3,3,1,0,0,1,0,2,0,0,1,2,1,0,9,0,1,0,1
7,0,3,3,4,0,0,4,1,3,0,0,10,8,2,9,0,1,10,3,0,0,1,0,0,23,1,6,3,1,2,6,4,4,3,1,1,0,0,5,2,1,2,41,1,6,2,2,2,8,1,1,3,0,0,31,3,2,0,11,0,0,2,0,1,2,0,0,9,9,8,3,4,18,0,2,2,0,8,4,5,1,2,0,1,1,8,2,1,2,5,5,1,0,2,0,4
1,0,2,0,0,1,0,0,0,0,0,9,0,5,0,0,0,0,14,2,1,1,0,0,0,4,0,1,1,0,6,0,0,0,3,2,28,0,0,0,1,0,4,1,1,0,336,0,0,0,0,0,1,0,0,0,0,0,1,0,0,0,0,4,0,0,1,0,0,0,0,0,0,1,0,0,0,0,0,0,0,2,1,0,0,0,2,0,0,0,1,0,0,0,0,0,0
64,0,5,1,8,2,53,7,0,2,32,1,9,8,2,25,2,24,12,2,2,0,5,1,27,43,9,29,9,0,14,5,1,2,14,0,9,1,0,1,2,4,38,9,2,0,7,40,5,13,3,1,6,2,2,14,5,1,1,11,1,7,25,0,7,2,0,1,15,44,57,4,3,9,1,3,2,2,23,3,8,0,9,3,2,1,9,69,1,2,6,1,5,59,6,1,5
5,1,2,16,3,7,1,21,27,0,9,1,203,21,5,10,1,9,25,7,2,0,91,3,1,29,30,10,58,5,29,6,2,29,80,1,23,0,0,27,41,1,9,138,0,6,9,3,9,7,3,45,26,0,5,90,11,2,12,30,8,5,5,4,33,0,4,0,13,28,32,7,6,9,6,6,21,1,27,15,4,23,23,3,20,24,22,1,10,2,8,4,42,4,4,2,4
0,1,0,1,0,0,0,1,0,1,0,0,1,3,0,7,0,0,3,2,0,0,0,1,1,1,2,0,8,0,7,2,0,2,12,0,3,0,0,1,1,1,2,0,28,1,2,1,3,3,0,0,0,0,1,4,0,0,3,1,0,1,3,0,9,1,0,2,2,0,12,3,0,0,1,1,0,0,0,0,0,0,5,2,4,2,1,0,0,0,1,0,2,2,0,0,4
0,0,0,3,0,1,0,1,0,0,0,0,2,2,2,5,2,5,0,0,1,0,4,0,0,13,17,2,0,0,2,0,1,2,2,0,3,2,0,1,6,0,0,6,1,2,0,1,5,2,0,2,1,0,0,2,3,0,0,4,0,0,1,0,0,1,0,0,1,2,1,0,0,0,0,6,0,3,0,0,7,0,1,1,0,1,5,0,0,0,2,0,2,0,1,0,2
3,0,1,0,0,1,0,0,2,0,0,34,2,7,2,7,0,0,41,2,1,148,0,0,0,6,2,3,11,0,7,2,0,0,11,1,12,0,0,0,2,336,7,9,2,0,38,1,0,10,0,3,1,0,0,3,1,1,4,3,0,0,0,2,3,0,0,2,7,1,10,1,3,0,0,0,0,1,4,1,0,0,7,0,1,6,4,0,1,0,3,0,5,0,0,1,2
1,1,0,0,0,3,0,3,0,4,2,0,1,3,1,4,1,2,1,0,0,0,2,0,0,4,3,2,1,0,6,3,0,1,3,0,1,1,0,1,2,0,40,3,1,1,1,2,1,3,2,0,0,1,0,3,1,0,0,2,1,0,1,0,0,0,0,0,87,10,4,0,21,1,1,0,1,0,3,0,7,0,1,2,0,1,2,2,0,1,0,0,2,0,0,0,1
5,0,0,2,1,11,0,4,2,5,0,0,3,2,5,3,1,1,3,0,2,0,1,0,0,6,5,3,2,3,31,2,2,3,2,0,3,1,0,0,2,0,5,9,3,5,0,1,6,4,8,4,1,2,4,7,2,0,5,5,0,2,0,0,4,6,0,1,3,1,6,6,3,7,1,3,2,0,5,0,6,2,1,1,1,1,6,0,0,2,2,0,3,0,7,0,11
3,0,0,6,0,9,0,2,6,1,0,0,4,9,3,82,0,2,6,0,1,0,1,1,0,2,8,2,9,0,9,1,6,3,8,0,2,2,0,2,8,0,13,7,3,2,10,3,4,12,2,1,3,0,2,10,4,0,1,6,0,2,0,0,3,0,1,2,4,1,50,8,4,5,2,5,0,1,2,1,9,1,11,3,1,1,6,0,0,1,4,1,7,1,3,0,0
3,0,1,9,0,4,0,4,4,2,0,0,3,5,2,1,0,2,7,0,2,0,3,0,0,11,8,3,1,0,7,0,0,5,1,0,4,0,0,0,1,0,3,3,0,0,0,2,8,2,0,6,2,1,2,7,8,0,1,8,0,0,1,1,0,65,0,2,4,5,6,0,2,3,0,0,0,2,3,0,1,1,1,1,2,2,2,0,0,2,4,2,3,1,2,0,2
5,0,2,3,0,4,0,4,40,0,0,0,4,16,3,7,1,0,1,1,0,0,6,1,0,16,7,2,38,0,11,1,0,34,35,0,29,0,0,1,1,0,1,45,0,2,3,0,4,1,6,92,41,0,0,18,0,0,9,13,6,3,0,4,17,1,10,0,2,2,8,7,1,8,10,2,0,2,3,0,4,0,98,3,46,19,17,0,0,0,6,0,19,0,3,2,0
3,0,1,1,0,2,0,2,32,0,3,1,5,10,4,8,0,3,5,3,1,0,3,0,0,7,7,2,18,0,19,3,0,26,23,0,69,0,0,1,3,1,6,26,0,1,1,0,1,3,2,41,96,1,1,17,1,0,8,8,12,1,0,8,18,2,1,0,2,1,14,9,1,6,3,2,0,3,7,3,6,1,27,2,19,11,9,0,0,0,4,1,10,1,0,2,1
1,0,0,0,0,3,0,1,0,1,0,0,0,1,1,0,0,1,0,0,0,0,2,0,0,5,1,3,2,0,0,3,5,0,1,0,5,1,0,0,0,0,2,0,0,0,0,1,2,0,1,0,1,0,0,2,6,0,0,3,0,0,0,0,2,2,1,0,2,9,1,3,1,7,0,0,0,0,0,0,1,0,0,2,0,0,3,1,0,1,2,0,3,0,0,0,0
1,0,0,1,0,2,0,0,1,5,1,0,0,2,0,3,1,1,3,0,0,0,0,0,0,2,2,3,3,0,1,2,1,1,6,0,1,0,0,1,0,0,2,5,1,0,0,0,4,2,2,0,1,0,2,2,0,0,1,3,0,1,0,1,1,5,0,0,1,1,1,1,4,0,1,1,0,0,3,0,2,0,1,3,0,3,2,1,0,0,0,0,2,0,4,0,2
15,0,12,3,0,8,9,34,17,6,11,0,10,30,12,12,5,2,3,7,2,0,12,3,3,63,44,5,53,3,22,4,2,10,91,0,14,0,0,20,31,0,14,90,4,2,3,3,7,10,7,18,17,2,2,142,9,3,9,59,3,4,14,1,25,8,12,14,21,6,33,21,3,10,30,7,23,1,16,3,5,2,21,1,20,18,40,3,2,0,18,1,46,1,8,1,1
6,0,2,2,0,0,0,8,5,2,1,0,5,13,6,4,1,0,1,0,10,0,12,2,0,46,7,2,4,0,6,5,1,3,0,0,11,3,1,6,3,0,5,11,0,3,1,1,2,4,8,0,1,6,0,9,10,1,0,3,0,1,2,0,4,5,7,1,8,2,6,6,2,29,4,0,4,2,4,0,5,4,0,1,0,1,4,1,1,1,9,2,3,0,0,0,1
0,0,0,0,9,0,0,1,0,3,0,0,0,0,0,0,3,6,0,0,0,0,3,0,0,2,1,8,7,0,2,1,1,2,6,0,1,0,1,0,2,0,1,2,0,0,1,0,0,0,0,0,0,0,0,3,1,56,1,3,0,1,0,0,1,0,0,0,4,4,1,0,3,0,0,0,0,0,0,0,0,0,0,0,0,0,3,0,0,1,0,0,6,0,7,0,0
2,0,0,0,0,1,0,1,4,0,4,3,2,3,2,2,0,0,6,1,0,1,0,0,0,8,4,89,17,0,11,0,1,3,14,80,11,1,0,0,0,1,1,12,3,0,4,0,5,1,1,9,8,0,1,9,0,1,4,12,3,1,0,1,14,1,2,0,4,0,2,4,0,1,1,0,0,0,2,0,1,0,2,0,5,10,4,0,0,0,4,0,12,1,0,1,1
13,6,3,1,0,0,2,15,15,1,8,0,3,12,9,13,0,4,5,6,0,0,12,1,1,28,10,4,33,3,24,4,3,10,45,0,17,4,0,1,11,0,11,30,1,4,3,2,5,6,8,13,8,3,3,59,3,3,12,34,4,11,2,3,8,3,1,4,8,4,29,10,8,8,23,4,10,8,12,3,4,0,15,2,6,12,14,6,1,2,13,2,54,2,4,0,6
1,0,0,0,0,2,0,1,10,0,0,0,6,3,0,2,0,0,1,0,0,0,0,1,0,5,1,0,7,0,2,0,0,0,8,0,9,0,0,2,0,0,1,8,0,0,0,1,0,0,0,6,12,0,0,3,0,0,3,4,10,1,0,0,0,1,0,0,2,1,14,0,2,1,12,0,0,0,7,0,1,1,6,1,5,7,3,0,0,0,1,0,11,0,0,119,0
6,0,1,0,1,2,1,2,5,0,0,0,0,4,1,3,1,0,3,0,0,0,1,0,1,1,3,2,5,0,0,3,0,7,8,0,2,0,0,0,0,0,7,5,1,0,0,0,2,2,0,3,1,0,1,4,1,1,1,11,1,4,4,0,1,1,0,0,10,1,4,3,3,0,1,0,0,1,3,2,2,0,2,1,1,0,3,3,0,2,0,0,2,1,1,0,0
3,0,0,0,0,2,259,1,0,0,0,0,1,3,0,1,0,1,0,0,0,0,4,0,152,6,6,2,3,0,11,3,0,0,9,0,0,0,0,0,2,0,25,5,3,1,0,1,0,0,1,0,0,0,0,14,2,0,0,2,0,4,40,0,4,0,2,0,16,0,6,8,19,0,0,1,0,0,21,1,0,0,2,0,0,1,4,0,0,0,1,0,15,0,0,0,0
1,0,0,0,0,0,0,0,7,0,1,0,1,3,1,1,0,0,0,0,0,0,0,0,0,0,0,0,1,0,2,4,0,0,3,0,6,0,0,0,0,4,0,4,0,0,2,0,0,0,1,4,8,0,1,1,0,0,1,3,0,0,0,2,2,0,0,0,0,0,3,0,0,0,0,0,0,0,3,0,1,0,0,2,12,4,1,0,0,0,0,0,2,0,0,1,0
0,1,0,3,0,12,2,5,12,0,9,2,3,6,3,0,1,0,0,35,0,0,4,0,1,16,9,0,43,2,19,2,0,8,46,0,16,4,0,0,1,0,7,33,9,0,3,0,4,3,0,17,18,2,1,25,4,1,14,8,0,1,4,2,104,1,3,1,4,1,13,16,3,1,5,0,13,2,7,4,2,2,22,0,7,33,9,2,2,1,2,1,24,4,1,1,2
11,0,0,4,0,1,0,2,2,1,7,0,1,3,42,0,0,3,13,0,3,0,9,0,0,8,3,4,3,0,7,1,1,5,2,0,1,0,0,0,2,0,2,0,1,1,0,0,6,0,65,1,2,2,5,8,5,0,1,3,1,1,0,0,1,0,1,4,12,5,1,2,1,3,1,0,0,2,2,0,37,3,3,1,1,3,3,0,0,0,2,0,6,4,1,0,1
1,0,0,11,1,1,0,166,2,0,1,0,1,4,0,1,1,2,4,3,2,0,3,1,0,5,2,0,9,0,3,1,0,2,14,0,2,0,0,1,0,1,0,4,0,0,0,0,0,1,0,10,1,1,0,12,7,0,2,1,0,0,2,0,3,1,4,1,1,2,6,1,1,0,0,0,2,1,1,0,1,1,6,0,0,2,7,0,0,0,2,0,7,0,1,0,0
5,0,0,0,0,0,0,2,1,1,1,0,0,7,1,4,1,1,0,0,0,0,2,1,0,1,0,2,3,0,1,2,1,0,5,0,1,3,0,0,0,0,1,0,2,0,2,0,1,2,2,0,0,0,0,14,1,0,0,4,0,0,0,0,1,4,1,0,5,0,6,4,1,0,0,2,0,0,0,0,0,0,1,2,0,3,6,0,0,0,6,0,1,0,1,0,0
213,3,1,1,3,3,48,5,3,1,11,0,4,11,5,5,1,45,9,0,1,0,7,0,14,29,6,93,8,0,12,9,2,5,15,0,4,3,0,1,9,0,15,13,2,1,7,87,3,4,4,2,2,2,1,21,8,4,4,8,2,10,16,0,4,12,1,5,32,122,28,12,17,11,0,2,1,1,20,1,4,2,1,1,2,2,13,57,0,1,8,2,7,74,1,0,5
10,5,3,1,5,3,0,2,2,3,0,0,1,3,1,3,3,4,1,0,8,0,5,1,3,5,0,2,1,1,1,1,8,4,2,0,3,0,0,13,9,0,44,28,0,2,1,10,1,1,5,2,1,9,1,6,2,4,0,4,1,1,0,0,1,5,2,0,122,128,6,1,10,6,0,1,3,9,7,2,2,2,0,13,0,1,7,5,6,0,3,0,8,0,7,0,3
7,0,2,3,1,16,1,8,24,4,6,0,16,10,3,32,0,3,17,3,0,0,6,12,4,17,18,5,28,7,31,17,4,5,47,0,16,6,2,7,8,0,57,32,12,1,10,4,6,50,6,8,14,1,1,33,6,1,2,29,14,4,6,3,13,1,6,6,28,6,110,9,16,12,11,3,9,2,11,5,12,1,15,7,11,15,16,12,1,10,7,7,35,0,12,5,9
4,1,1,11,1,5,3,2,6,1,2,0,7,6,1,11,0,0,4,2,0,0,1,1,0,6,4,1,8,0,4,4,0,4,21,0,14,1,0,1,3,0,4,7,3,0,1,0,6,8,0,7,9,3,1,21,6,0,4,10,0,3,8,0,16,2,1,4,12,1,9,6,0,1,4,2,0,5,2,1,2,2,10,7,1,8,2,1,1,2,6,1,16,3,0,0,4
52,0,1,1,0,1,53,2,0,1,5,0,3,0,1,2,0,5,10,2,0,0,0,0,21,4,2,8,4,0,17,2,0,4,11,0,5,0,0,0,4,0,3,6,0,0,3,21,3,4,2,1,1,1,4,3,2,3,0,8,2,3,19,0,3,1,1,1,17,10,16,0,8,1,2,0,0,3,27,0,2,1,1,2,0,2,6,10,0,0,4,0,13,38,2,3,3
8,0,0,8,1,2,0,1,6,2,0,0,7,5,1,3,0,0,5,0,3,0,1,0,0,3,4,2,2,0,3,15,0,2,4,0,5,0,0,3,18,1,9,9,0,0,0,1,7,5,3,8,6,7,0,10,29,0,1,8,1,0,0,0,1,3,0,0,11,6,12,1,1,4,2,4,0,2,2,2,2,1,1,1,1,1,3,1,0,1,2,3,6,0,1,0,8
1,0,0,1,1,1,0,0,8,0,0,0,0,3,1,5,0,1,4,0,0,0,0,1,0,9,6,0,5,0,9,1,0,1,21,0,11,1,0,0,0,0,1,6,1,0,0,1,1,2,0,10,3,0,1,30,4,0,1,23,12,1,0,0,5,1,0,0,0,0,11,4,2,2,14,1,0,0,5,7,4,0,6,0,11,4,5,0,0,0,2,0,15,0,4,4,1
1,0,3,2,0,2,0,13,1,3,0,0,1,6,0,7,2,0,1,0,0,0,5,0,0,8,4,1,4,1,1,2,0,2,1,0,2,2,0,1,2,0,3,6,1,6,0,0,3,5,0,2,2,0,1,7,0,0,0,4,0,0,1,0,0,0,0,2,2,1,3,2,0,4,1,6,0,2,3,0,5,0,1,4,0,2,49,1,0,0,4,0,1,1,2,0,2
2,0,1,3,0,3,0,4,0,2,0,0,10,0,0,0,0,1,0,10,1,0,2,0,0,3,5,0,0,148,5,1,0,0,6,0,1,0,0,5,2,0,2,21,0,0,0,1,2,0,0,0,0,0,0,23,4,0,0,10,0,0,0,0,13,0,2,0,1,3,9,0,0,0,0,0,46,0,91,9,0,0,3,0,0,1,1,0,13,2,2,11,35,0,2,1,1
2,0,0,2,2,3,0,2,1,0,1,0,1,1,5,4,0,2,0,2,0,0,2,0,0,5,1,0,2,0,2,3,0,3,1,0,1,1,0,0,0,0,2,1,0,3,1,0,0,1,2,2,3,0,0,1,2,0,0,8,0,1,0,0,2,2,1,0,1,9,2,5,3,2,0,2,0,0,2,0,5,0,0,0,0,0,0,0,0,1,0,0,3,3,0,0,1
6,0,0,4,1,0,3,3,2,2,15,0,19,4,1,7,0,3,5,4,2,0,3,4,2,13,2,5,14,24,11,1,1,8,11,0,7,0,0,3,8,0,23,27,0,0,4,3,5,2,3,3,7,0,3,16,4,0,2,12,7,3,21,3,7,2,1,0,20,7,11,2,27,2,5,3,91,2,12,30,2,0,7,0,8,3,12,4,12,6,5,25,28,3,5,0,2
2,0,1,0,1,3,1,1,1,0,0,0,24,0,0,4,1,1,1,0,0,0,1,2,0,6,0,1,1,4,2,0,0,0,3,0,3,0,0,3,4,0,3,15,0,0,1,0,0,1,0,0,3,0,0,3,0,0,0,3,0,2,1,0,4,0,0,0,1,2,5,1,0,2,7,0,9,0,30,14,1,0,1,0,0,0,0,0,0,0,2,14,4,0,1,0,1
7,0,1,2,2,7,0,7,5,2,1,1,4,2,2,25,0,1,17,1,2,0,1,0,1,6,5,3,4,1,8,4,1,3,1,0,4,1,1,1,5,0,8,4,0,7,0,7,6,9,1,4,6,1,2,5,5,0,1,4,1,2,0,1,2,37,1,0,4,2,12,2,2,2,4,5,0,5,2,1,22,0,2,0,1,2,1,2,0,2,2,2,9,1,2,0,26
1,1,1,7,1,1,0,2,2,1,1,1,0,2,1,3,0,1,4,0,0,0,5,1,0,7,1,0,2,0,4,1,0,99,4,0,1,1,0,0,1,2,0,23,0,0,0,0,2,1,1,0,1,0,0,2,4,0,0,0,1,0,0,0,2,3,1,0,2,2,1,2,1,1,0,0,0,0,0,0,0,2,2,1,0,1,3,0,0,0,1,0,0,0,1,0,0
4,0,0,2,0,6,1,7,14,1,3,1,2,19,1,15,0,0,9,2,0,0,8,2,0,17,7,1,23,0,15,4,1,0,54,3,12,4,0,0,2,1,9,23,5,1,7,1,1,11,1,98,27,0,1,21,0,0,2,15,6,2,2,0,22,3,6,1,1,0,15,10,1,1,6,1,3,0,7,1,2,2,32,4,9,14,21,2,3,0,3,1,8,2,1,0,3
2,0,0,2,0,1,0,0,3,3,0,1,2,3,0,2,1,2,2,0,2,0,1,1,0,3,0,9,3,0,4,6,0,4,0,0,6,2,3,1,0,0,3,3,2,1,0,2,1,3,1,3,2,2,3,1,1,0,0,2,1,1,0,2,0,1,0,2,1,13,7,7,2,1,0,4,0,0,0,0,0,1,4,0,2,1,2,2,0,4,4,2,1,1,2,0,2
1,0,1,0,0,3,0,3,25,0,0,4,1,14,1,1,0,0,0,10,0,0,2,0,0,1,7,0,15,0,8,0,0,9,12,0,20,1,0,0,1,0,2,20,4,0,1,0,1,1,2,46,19,0,0,20,0,0,5,6,5,1,0,12,7,1,0,0,2,0,11,1,0,1,11,0,0,0,8,0,1,0,9,2,50,16,6,0,0,0,1,0,5,0,0,2,2
1,0,0,1,0,2,0,2,9,0,1,1,2,26,0,1,1,1,2,2,0,0,5,1,0,6,12,0,21,0,9,4,0,5,65,0,15,0,0,2,1,0,1,24,2,1,6,1,1,1,2,19,11,0,3,18,1,0,10,12,7,0,1,4,33,3,2,3,2,1,15,8,2,1,4,2,1,0,3,0,2,1,14,1,16,44,7,0,0,0,9,0,12,0,0,0,0
5,0,3,16,1,6,0,5,8,0,1,1,5,16,0,5,0,0,11,3,1,0,3,1,1,18,11,6,39,2,14,10,7,9,34,0,7,3,0,0,8,2,9,22,1,5,4,2,6,6,2,17,9,3,2,40,4,3,4,14,3,3,4,1,9,3,7,6,13,7,16,2,6,3,5,49,1,0,12,0,1,3,21,2,6,7,18,3,1,0,10,1,12,2,3,1,1
2,4,1,2,1,0,0,0,0,0,0,0,1,1,0,3,1,2,1,0,0,0,0,1,0,6,0,3,0,0,0,1,0,2,3,0,0,2,1,0,2,0,69,1,0,0,0,2,0,0,0,0,0,1,1,3,1,0,0,6,0,3,0,0,2,0,0,0,57,5,12,1,10,1,0,1,0,0,4,0,2,0,2,2,0,0,3,6,0,0,1,0,1,0,0,0,0
1,0,0,0,5,0,1,0,0,1,0,0,7,0,0,0,0,4,0,5,0,0,0,7,0,2,0,3,0,9,0,0,0,0,3,0,0,0,1,1,1,0,1,10,0,0,1,0,0,0,0,0,0,0,0,2,1,0,0,1,0,0,0,0,2,0,0,0,0,6,1,1,0,0,0,0,13,0,12,0,0,0,3,0,0,0,1,0,106,1,0,6,4,0,3,0,0
0,0,0,0,2,1,0,2,0,0,0,0,2,0,0,1,0,4,0,0,2,0,0,0,0,0,2,0,0,0,1,3,0,0,0,0,0,1,0,2,2,0,2,2,0,0,0,1,2,1,2,0,0,1,0,0,1,1,0,2,0,2,0,0,1,0,0,0,1,0,10,2,0,1,0,0,2,1,6,0,2,0,0,4,0,0,0,0,1,32,0,7,1,0,1,0,1
2,0,2,11,1,9,4,3,3,1,0,1,1,13,2,4,1,1,5,1,1,0,2,1,1,8,6,1,5,0,12,5,3,3,11,1,5,3,0,1,5,1,6,8,1,2,3,0,2,4,4,6,4,2,0,18,9,0,4,13,1,0,1,0,2,2,2,6,8,3,7,6,4,2,2,4,2,0,5,2,2,1,3,4,1,9,10,1,0,0,2,0,6,1,1,0,1
1,0,0,4,2,0,0,0,0,1,0,0,2,2,0,1,0,2,0,0,2,0,1,0,0,13,2,2,1,1,0,2,0,0,1,0,1,0,1,0,5,0,1,4,0,0,0,0,0,1,2,0,1,0,0,1,2,0,0,2,0,0,0,0,1,0,0,0,2,0,7,1,0,3,0,0,11,0,25,14,2,0,1,2,0,0,1,0,6,7,0,2,1,0,2,0,0
9,0,1,2,1,5,4,5,10,2,4,0,11,9,5,11,0,0,3,6,0,0,7,3,2,54,9,5,30,8,16,6,3,19,30,0,20,3,0,9,1,0,5,42,2,2,5,2,3,7,3,19,10,3,2,46,3,6,12,54,11,2,15,2,24,6,7,1,7,8,35,16,13,6,15,1,35,3,28,4,9,0,8,1,5,12,12,1,4,1,6,1,100,1,5,2,2
0,0,0,1,0,0,0,0,0,0,258,0,0,0,2,1,0,0,1,1,0,0,1,1,0,4,1,0,2,0,3,0,0,1,2,0,5,0,0,0,0,0,59,4,2,0,0,0,0,1,1,0,1,0,0,1,0,0,1,2,0,1,0,0,4,4,0,0,74,0,0,3,38,0,0,1,0,3,3,0,1,0,2,1,0,0,2,0,0,0,1,0,1,0,0,1,0
0,5,3,1,22,2,0,0,0,0,0,0,1,2,1,3,4,4,1,1,4,0,1,0,0,5,6,1,1,0,4,1,2,0,1,0,1,0,1,1,2,0,6,4,0,1,0,0,7,3,2,3,0,0,4,8,0,7,0,4,0,1,0,0,1,1,1,1,1,7,12,0,2,1,4,2,2,0,5,1,2,1,1,2,0,0,3,0,3,1,1,2,5,0,8,0,4
0,0,1,0,0,0,0,0,1,0,0,0,1,0,1,0,0,0,0,0,0,0,0,1,0,0,0,0,0,0,1,0,0,0,1,0,4,0,0,0,0,0,1,2,0,0,1,0,0,0,0,2,2,0,0,1,0,0,1,0,119,0,0,1,1,0,0,0,0,0,5,0,3,0,4,0,1,0,0,0,0,0,0,0,2,0,1,0,0,0,0,0,2,1,0,0,0
4,0,0,2,0,5,0,0,0,1,0,0,4,1,4,11,0,0,9,2,1,0,2,0,0,2,0,1,2,1,23,6,2,6,3,0,4,1,1,1,4,0,5,4,4,2,2,1,11,0,2,0,1,0,2,1,1,0,1,6,0,0,0,0,2,1,0,0,5,3,9,4,3,8,1,2,1,1,2,1,26,0,3,2,2,0,1,0,0,1,1,0,2,0,4,0,18
