category,word,score
1991,기적,273
1991,사랑,226
1991,로버트,205
1991,로빈,185
1991,감동,173
1991,드니로,144
1991,우리,101
1991,환자,98
1991,감동적,97
1991,레너드,91
1991,배우,91
1991,순간,84
1991,실화,81
1991,장면,62
1991,제목,54
1991,인생,45
1991,작품,35
1991,모습,32
1991,정말,26
1991,가슴,26
1991,치료,26
1991,자체,24
1991,바탕,24
1991,로빈윌리엄스,24
1991,스토리,22
1991,의지,21
1991,존재,20
1991,신경,20
1991,내용,16
1991,약물,12
1991,눈빛,10
1991,마샬,9
1991,좋은영화,9
1991,원작,8
1991,의식,8
1991,과학,7
2000,기억,4039
2000,놀란,3692
2000,감독,1762
2000,시간,1173
2000,재미,1037
2000,반전,917
2000,스토리,745
2000,자신,744
2000,작품,722
2000,해석,712
2000,내용,700
2000,주인공,677
2000,기록,676
2000,시작,673
2000,처음,615
2000,전개,574
2000,플롯,572
2000,진실,568
2000,구성,517
2000,마지막,499
2000,사실,487
2000,결말,478
2000,과거,445
2000,느낌,440
2000,인간,427
2000,재개봉,425
2000,퍼즐,425
2000,놀란감독,409
2000,관객,383
2000,소름,348
2000,이야기,346
2000,흑백,343
2000,테넷,339
2000,계속,334
2000,머리,332
2000,메모,329
2000,역순,318
2000,장면,308
2000,순간,301
2000,한번,296
2000,우리,293
2000,극장에서,284
2000,관람,277
2000,방식,268
2000,무엇,266
2000,레너드,251
2000,컬러,248
2000,많이,245
2000,스스로,244
2000,정신,240
2000,10분,236
2000,새미,222
2000,연출력,219
2000,천재적,218
2000,인셉션,215
2000,예전,212
2000,망각,205
2000,소재,202
2000,테디,199
2000,기억상실,198
2000,흐름,193
2000,반복,192
2000,중간,188
2000,사건,185
2000,부분,179
2000,진행,178
2000,초반,166
2000,단기기억,164
2000,뭔가,163
2000,연기,163
2000,그것,157
2000,역행,154
2000,끊임,152
2000,현실,152
2000,순서,147
2000,몰입감,146
2000,사진,145
2000,어렵네요,141
2000,정도,141
2000,복수,140
2000,엄청,138
2000,기억상실증,136
2000,자체,134
2000,마술,132
2000,거짓,131
2000,긴장,130
2000,아니다,128
2000,20년전,126
2000,듣고,123
2000,대박,123
2000,체험,120
2000,전화,120
2000,볼때,116
2000,명불허전,116
2000,개인적,116
2000,구조,114
2000,옛날,114
2000,각본,113
2000,분명,113
2000,크리스토퍼놀란,111
2000,인생,110
2000,교차,109
2000,상상,107
2000,경험,105
2000,코로나,105
2000,당시,103
2000,남자,103
2000,추리,102
2000,걸작,99
2000,데뷔작,95
2000,타투,94
2000,스크린,93
2000,세계,92
2000,모습,87
2000,감독님,86
2000,배우,84
2000,긴장감,83
2000,엔딩,83
2000,뭐지,83
2000,어렵고,83
2000,피어스,82
2000,능력,81
2000,독창적,81
2000,볼수,80
2000,주관,78
2000,발상,76
2000,주관적,76
2000,예술,74
2000,모두,74
2000,상실,71
2000,때문,70
2000,배치,70
2000,방법,69
2000,느끼게,68
2000,심리,67
2000,선택,65
2000,평점,65
2000,폴라로이드,64
2000,시나리오,64
2000,cgv,64
2000,기억력,64
2000,사람들,62
2000,재관람,62
2000,서사,61
2000,뒤죽박죽,60
2000,매력,60
2000,합리화,58
2000,집중력,57
2000,천재감독,56
2000,놀라게,56
2000,행동,55
2000,순행,54
2000,리마스터,53
2000,잊고,53
2000,기억손실,52
2000,기획전,52
2000,영화중,52
2000,리마스터링,52
2000,덕분,52
2000,소리,51
2000,환자,51
2000,객관적,50
2000,존잼,49
2000,추억,49
2000,의문,48
2000,정말,48
2000,문제,47
2000,의식,47
2000,추적,47
2000,상태,46
2000,등장,46
2000,인터스텔라,46
2000,반전영화,46
2000,역순행적,46
2000,배열,44
2000,효과,44
2000,설정,44
2000,교차편집,43
2000,있어요,43
2000,다크나이트,43
2000,이해못,43
2000,장르,43
2000,논란,43
2000,역주행,42
2000,고전,42
2000,농락,41
2000,워낙,41
2000,레전드,40
2000,목적,40
2000,고찰,39
2000,약간,38
2000,싶지,38
2000,시간순,38
2000,복습,38
2000,기억손실증,38
2000,철학적,38
2000,포스터,37
2000,소름끼,37
2000,얘기,36
2000,중반,36
2000,역순행,36
2000,방향,35
2000,착각,35
2000,메멘토메멘토,35
2000,의지,34
2000,상영,34
2000,마무리,34
2000,모르게,34
2000,게임,34
2000,줄거리,33
2000,lies,33
2000,보기전,32
2000,감탄할,32
2000,무의식,32
2000,두뇌,32
2000,2시간,31
2000,칼라,31
2000,짜임새,31
2000,제목,30
2000,수준,30
2000,장애,30
2000,믿을수,30
2000,십분,29
2000,헷갈리긴,29
2000,팩트,29
2000,필름,29
2000,촬영,28
2000,실험적,28
2000,온몸,27
2000,포스,27
2000,변화,26
2000,진행방식,24
2000,제작,24
2000,최소한,24
2000,혼돈,24
2000,역방향,24
2000,있을것,24
2000,시퀀스,24
2000,체계,23
2000,고민,22
2000,이해할수,22
2000,단편,22
2000,할수,21
2000,완성도,20
2000,비디오,20
2000,다시보고,20
2000,앞뒤,20
2000,곱씹게,20
2000,기대한,20
2000,영상미,19
2000,있는데,19
2000,영화임,19
2000,묘미,19
2000,버전,19
2000,독백,18
2000,변주,18
2000,그자체,18
2000,승리,18
2000,표정,18
2000,오프닝,18
2000,차례,18
2000,종이,18
2000,촌스럽지,17
2000,엔딩크레딧,17
2000,취사선택,16
2000,두시간,16
2000,봉투,16
2000,놀란작품,16
2000,미스테리,16
2000,적응,15
2000,임팩트,15
2000,10년,15
2000,티비,15
2000,파헤,15
2000,변형,14
2000,음악,12
2000,시간순서,12
2000,어렴풋,12
2000,포함,12
2000,리뷰,12
2000,살인자,12
2000,1인칭,12
2000,이해력,12
2000,객관성,11
2000,취소,10
2000,역행순,10
2000,있는것,10
2000,정신줄,10
2000,되풀이,10
2000,퍼즐들,10
2000,스포일러,10
2000,변질,10
2000,순행적,9
2000,동안,9
2000,언급,8
2000,20분,8
2000,시리즈,5
2002,생각,44
2002,감동,41
2002,가족,34
2002,엄마,19
2002,가슴,12
2004,영화,3669
2004,사람,2849
2004,노아,2054
2004,앨리,1722
2004,레이첼,1488
2004,남자,1344
2004,내가,1331
2004,로맨스,1321
2004,눈물,1318
2004,손예진,1297
2004,첫사랑,1239
2004,맥아담스,1189
2004,마음,1175
2004,마지막,1093
2004,인생,1010
2004,매일,997
2004,정우성,996
2004,그냥,938
2004,가슴,931
2004,여자,931
2004,가장,879
2004,당신,877
2004,처음,863
2004,노트북,844
2004,이야기,841
2004,감정,840
2004,장면,786
2004,이렇게,770
2004,라이언,675
2004,배우,669
2004,명작,656
2004,그녀,650
2004,현실,646
2004,고슬링,633
2004,로맨틱,633
2004,모습,625
2004,스토리,591
2004,노트,590
2004,순간,572
2004,느낌,571
2004,결말,541
2004,여주,526
2004,주인공,501
2004,계속,491
2004,재개봉,489
2004,우리,481
2004,멜로,476
2004,선택,472
2004,남주,437
2004,작품,437
2004,재미,435
2004,평생,431
2004,연기,411
2004,감성,409
2004,내용,403
2004,너무나,401
2004,약혼자,398
2004,매력,398
2004,여운,383
2004,정도,382
2004,루시,381
2004,한국,379
2004,시절,371
2004,공감,367
2004,누군가,349
2004,근데,339
2004,부분,339
2004,그들,337
2004,불륜,331
2004,한번,326
2004,필요,314
2004,대사,305
2004,엔딩,302
2004,자체,297
2004,엄마,297
2004,지우개,294
2004,치매,291
2004,헨리,288
2004,연애,283
2004,약혼남,282
2004,노년,281
2004,초반,280
2004,아닐까,275
2004,철수,266
2004,기적,265
2004,여름,263
2004,소재,262
2004,동화,260
2004,엘리,259
2004,코미디,258
2004,로코,258
2004,클리셰,256
2004,볼때,252
2004,오늘,251
2004,배우들,250
2004,낭만,247
2004,하루,244
2004,샌들러,240
2004,엄청,237
2004,예전,236
2004,기분,236
2004,알게,236
2004,연출,230
2004,관람,229
2004,정석,229
2004,멜로영화,228
2004,클래식,220
2004,진실,218
2004,할아버지,215
2004,상황,213
2004,상처,212
2004,완전,210
2004,옛날,209
2004,과거,207
2004,중간,202
2004,때문,202
2004,예쁘고,202
2004,알츠하이머,198
2004,의미,196
2004,슬픔,196
2004,비현실적,193
2004,누구,192
2004,러브,187
2004,신파,187
2004,예상,186
2004,매력적,184
2004,낭만적,184
2004,배경,183
2004,판타지,181
2004,로맨스영화,181
2004,몇번,179
2004,설정,177
2004,나이,176
2004,베리모어,172
2004,남녀,172
2004,개봉,169
2004,시대,167
2004,오랜만,164
2004,슬프고,162
2004,바람,162
2004,영상미,161
2004,억지,160
2004,후회,160
2004,이영화,160
2004,러브스토리,158
2004,레이첼맥아담스,157
2004,평점,153
2004,과정,150
2004,키스,148
2004,미화,146
2004,눈빛,146
2004,해피엔딩,146
2004,모두,145
2004,음악,142
2004,부모님,142
2004,포장,140
2004,커플,140
2004,관계,138
2004,반복,137
2004,헌신,136
2004,중간중간,135
2004,자꾸,133
2004,이기적,132
2004,정말,128
2004,행동,128
2004,비주얼,127
2004,캐릭터,127
2004,영화지만,127
2004,축복,127
2004,먼저,126
2004,살고,125
2004,작위적,124
2004,풋사랑,123
2004,친구,123
2004,개연성,123
2004,장르,123
2004,울게,119
2004,미래,118
2004,고전,117
2004,얘기,116
2004,웃음,115
2004,주변,115
2004,경험,113
2004,별점,111
2004,인상,109
2004,데이트,108
2004,50번,106
2004,이상적,104
2004,아담샌들러,102
2004,고민,102
2004,아닌가,101
2004,드라마,100
2004,케미,98
2004,취향,98
2004,느끼게,98
2004,환상,97
2004,내로남불,96
2004,약속,96
2004,부모,96
2004,소설,96
2004,것들,95
2004,기억상실,93
2004,구성,93
2004,입장,93
2004,극장,93
2004,청춘,91
2004,일어,91
2004,5점,88
2004,감정이입,87
2004,평가,87
2004,ost,86
2004,미국,85
2004,설렘,84
2004,끝나고,83
2004,순애보,81
2004,방식,80
2004,소주,80
2004,둘다,77
2004,찰나,77
2004,조건,76
2004,비디오,75
2004,봐야지,75
2004,라라랜드,74
2004,미모,74
2004,소리,73
2004,호수,73
2004,봤으면,73
2004,드류베리모어,72
2004,로멘스,71
2004,20대,71
2004,폭력적,71
2004,반전,71
2004,요소,71
2004,비극,70
2004,불가능,70
2004,영화들,69
2004,여자친구,68
2004,받아들,68
2004,두번,68
2004,명장면,68
2004,죽음,67
2004,바보,67
2004,표정,67
2004,notebook,67
2004,줄줄,66
2004,전체,64
2004,개그,63
2004,플롯,63
2004,외모,63
2004,스크린,62
2004,서사,62
2004,슬프게,62
2004,새벽,60
2004,망각,60
2004,코믹,60
2004,걱정,60
2004,부잣집,60
2004,덕분,60
2004,희생,59
2004,유머,59
2004,한국영화,59
2004,포인트,59
2004,봤는지,59
2004,도로,58
2004,극적,58
2004,힐링,57
2004,외국,57
2004,오랫,57
2004,편의점,56
2004,묘사,56
2004,이런사랑,55
2004,흥행,55
2004,단어,55
2004,막장,54
2004,준비,54
2004,변화,53
2004,관객,53
2004,번째,52
2004,사랑할수,52
2004,메멘토,52
2004,불가,52
2004,맥아덤스,52
2004,기억상실증,52
2004,용기,52
2004,대단한,51
2004,어바웃타임,50
2004,두배우,50
2004,감성적,50
2004,스포,50
2004,갈등,49
2004,타임,48
2004,10대,48
2004,희망,47
2004,군대,47
2004,원작,46
2004,동물,46
2004,코메디,45
2004,설득,45
2004,2시간,45
2004,중반,45
2004,늙고,45
2004,흐름,44
2004,자극적,44
2004,자기,44
2004,초반부,44
2004,구애,43
2004,우리나라,43
2004,발견,43
2004,휴지,43
2004,회자,42
2004,실망,42
2004,인물들,42
2004,교과서,42
2004,의심,42
2004,집착,41
2004,친구들,41
2004,아담스,41
2004,콧물,40
2004,언니,40
2004,차이,39
2004,집안,39
2004,05점,39
2004,애정,38
2004,액자,38
2004,인생작,38
2004,있을때,36
2004,타이밍,36
2004,스타일,36
2004,영화속,36
2004,환상적,36
2004,충격,36
2004,끝판왕,36
2004,우연히,36
2004,왓챠,35
2004,색감,35
2004,배경음악,34
2004,거짓말,34
2004,한마디,34
2004,참고,33
2004,그자체,33
2004,롯데시네마,33
2004,다시보고,32
2004,건데,32
2004,출연,32
2004,고전적,32
2004,호불호,32
2004,반대,31
2004,훌쩍,31
2004,분들,31
2004,이런영화,31
2004,10점,31
2004,겨울,31
2004,23,31
2004,성격,31
2004,최철수,31
2004,범벅,30
2004,러닝타임,30
2004,향수,30
2004,찰떡,30
2004,회상,30
2004,내머리속,30
2004,지루함,30
2004,잠깐,29
2004,스포일러,29
2004,울고싶을때,29
2004,폭발,28
2004,그남자,28
2004,세번,28
2004,능력,28
2004,나올때,28
2004,건망증,28
2004,본것,28
2004,목소리,28
2004,고슬밥,28
2004,자기들,28
2004,10번,27
2004,의지,27
2004,코드,27
2004,5번,27
2004,합리화,27
2004,최고의영화,26
2004,느낄수,26
2004,걸작,26
2004,바람둥이,26
2004,극혐,26
2004,농담,26
2004,조연들,25
2004,햇살,25
2004,장면장면,25
2004,오프닝,25
2004,폭풍,25
2004,열일,24
2004,점수,24
2004,불치병,24
2004,객관적,24
2004,극중,24
2004,전남친,24
2004,띵작,24
2004,키스신,23
2004,4점,23
2004,반짝,23
2004,각색,23
2004,스트레스,22
2004,시나리오,22
2004,철수씨,22
2004,dvd,22
2004,돌아왔을때,21
2004,태도,21
2004,킬링타임용,21
2004,싸움,20
2004,절대적,20
2004,말이필요,20
2004,20분,20
2004,정당화,20
2004,관심,19
2004,저런사랑,19
2004,석양,18
2004,펭귄,18
2004,로맨틱영화,18
2004,30대,18
2004,움직,18
2004,리얼,18
2004,30분,17
2004,막장드라마,17
2004,욕망,16
2004,도덕,16
2004,있겠구나,16
2004,기억못,16
2004,불쌍할,16
2004,24시간,16
2004,성희롱,15
2004,댓글,14
2004,전여친,14
2004,욕구,14
2004,있었기,14
2004,해본적,14
2004,23년,12
2004,있다는것,12
2004,01,12
2004,싶을정도,12
2004,횟수,12
2004,건축가,12
2004,양화,12
2004,희화화,12
2004,일처럼,12
2004,365통,11
2004,손예진씨,10
2004,반려자,10
2004,개그코드,10
2004,사랑하는것,10
2004,진정한사랑,10
2004,글자,9
2004,내기억,8
2004,영화마지막,8
2004,추억들,8
2004,좋아보,4
2005,기억,312
2005,눈물,168
2005,마지막,121
2005,감동,120
2005,연기,102
2005,진짜,93
2005,감동적,58
2005,가족,58
2005,시간,53
2005,감정,53
2005,치매,47
2005,자신,42
2005,배우,39
2005,장면,37
2005,순간,36
2005,최고,33
2005,작품,32
2005,배우들,30
2005,정말,22
2005,이름,21
2005,처음,21
2005,표정,21
2005,할머니,18
2005,환자,15
2005,결혼,14
2005,모두,10
2006,기억,165
2006,영화,148
2006,치즈루,106
2006,감독,82
2006,마지막,82
2006,이누,80
2006,추억,58
2006,감동,58
2006,눈물,48
2006,연기,44
2006,소재,35
2006,여운,30
2006,남자,30
2006,이누도잇신,30
2006,인생,26
2006,고민,19
2006,의미,18
2006,주인공,15
2006,화면,15
2006,정말,12
2006,정도,12
2006,노력,12
2006,여자,8
2006,환상,7
2006,시간들,6
2008,반전,90
2008,영화,70
2008,로맨스,48
2008,처음,31
2008,겨울,24
2008,마음,19
2008,가족,14
2010,영화,2217
2010,사랑,1579
2010,세상,1342
2010,미자,1174
2010,엄마,993
2010,시가,985
2010,그녀,902
2010,가장,833
2010,사람,815
2010,현실,756
2010,소녀,706
2010,감독,673
2010,가슴,653
2010,할머니,621
2010,마지막,583
2010,감동,548
2010,원작,533
2010,자신,515
2010,순간,482
2010,진짜,438
2010,작품,412
2010,인생,387
2010,이야기,381
2010,처음,365
2010,예술,358
2010,기억,348
2010,한편,344
2010,손자,333
2010,모습,323
2010,웹툰,312
2010,감정,311
2010,연기,308
2010,한국,290
2010,피해자,290
2010,장면,286
2010,무엇,283
2010,아네스,278
2010,계속,273
2010,윤정희,269
2010,의미,264
2010,존재,258
2010,어머니,256
2010,이렇게,243
2010,스스로,215
2010,감동적,211
2010,가해자,211
2010,김해숙,210
2010,살구,208
2010,강풀,198
2010,노년,195
2010,사람들,195
2010,일상,194
2010,주인공,193
2010,공감,192
2010,관객,191
2010,나이,189
2010,지금,184
2010,소리,182
2010,너무나,181
2010,진실,177
2010,연출,175
2010,세계,174
2010,감독님,168
2010,것들,165
2010,죽음,162
2010,상황,161
2010,위로,155
2010,질문,153
2010,과정,146
2010,용서,142
2010,정도,141
2010,내용,141
2010,자식,136
2010,주변,135
2010,여성,134
2010,양미자,134
2010,이순재,132
2010,할아버지,131
2010,때문,126
2010,가족,126
2010,제목,125
2010,대상,125
2010,대신,124
2010,오랜,115
2010,선택,115
2010,치매,113
2010,행동,107
2010,부분,107
2010,음악,103
2010,배우들,100
2010,부모,100
2010,인물,99
2010,아버지,98
2010,언어,95
2010,창작,94
2010,김해숙씨,93
2010,고백,91
2010,살고,90
2010,망각,89
2010,작별,89
2010,정말,87
2010,여자,87
2010,현실적,86
2010,알게,86
2010,재미,84
2010,관계,83
2010,상처,81
2010,잘못,81
2010,선생님,81
2010,아이러니,80
2010,경험,79
2010,한국영화,78
2010,모두,77
2010,로맨스,77
2010,분명,74
2010,선생,73
2010,실제,72
2010,결말,71
2010,오늘,70
2010,준비,70
2010,승화,67
2010,받아들,66
2010,어르신,66
2010,김용택,64
2010,수업,63
2010,볼때,63
2010,주제,63
2010,경찰,63
2010,양미자씨,62
2010,드라마,57
2010,표정,55
2010,싶지,55
2010,문제,54
2010,불행,54
2010,대사,54
2010,윤리적,53
2010,해석,53
2010,2시간,52
2010,충격적,51
2010,반복,49
2010,손주,49
2010,작가,49
2010,강좌,48
2010,서사,47
2010,해결,47
2010,송이뿐,46
2010,희생,45
2010,예쁜,45
2010,애도,44
2010,충격,44
2010,점수,43
2010,도덕,43
2010,얘기,42
2010,남성,42
2010,억지,42
2010,태도,42
2010,추모,42
2010,역설적,41
2010,빗물,41
2010,범죄,41
2010,도피,40
2010,학생,39
2010,김해숙님,37
2010,일어,36
2010,우리엄마,35
2010,별점,35
2010,자극적,34
2010,김수미,33
2010,중심,33
2010,혐오,32
2010,역할,31
2010,번째,30
2010,보는것,28
2010,언니,28
2010,일상적,28
2010,결정,27
2010,깊고,27
2010,상실,27
2010,볼수,27
2010,철학,26
2010,장르,26
2010,박진희,26
2010,함축,25
2010,저릿,24
2010,흥행,23
2010,창조,22
2010,베스트,22
2010,엔딩크레딧,22
2010,의지,21
2010,방울,20
2010,파괴,20
2010,뒤로,20
2010,열매,20
2010,유리,20
2010,이런영화,20
2010,성찰,19
2010,며칠,19
2010,사랑이야기,19
2010,노배우,18
2010,인물들,18
2010,10점,18
2010,공포,17
2010,이순재선생님,17
2010,타협,16
2010,포스터,16
2010,심장,16
2010,김혜숙,15
2010,폭풍,13
2010,격정적,12
2010,두시간,12
2010,냄새,11
2010,연기자들,10
2010,짜증,10
2010,독백,9
2010,인간사,7
2011,엄마,984
2011,눈물,703
2011,가족,346
2011,사랑,329
2011,어머니,190
2011,사람,186
2011,이별,185
2011,모의고사,183
2011,마지막,164
2011,감동,135
2011,드라마,112
2011,문제,83
2011,기억,78
2011,배종옥,74
2011,스토리,67
2011,대사,66
2011,상황,63
2011,슬픔,63
2011,정도,60
2011,내용,57
2011,장면,57
2011,부모,56
2011,예상,55
2011,인생,55
2011,콧물,52
2011,치매,51
2011,수능,50
2011,싶을때,47
2011,근데,47
2011,배우들,45
2011,원작,44
2011,나중,44
2011,감동적,42
2011,공감,38
2011,남자,37
2011,휴지,36
2011,여자,36
2011,주변,34
2011,유준상,34
2011,전개,32
2011,국어,29
2011,행동,28
2011,때문,28
2011,시험,27
2011,진심,26
2011,사람들,26
2011,누구,26
2011,김갑수,25
2011,머리,24
2011,자체,22
2011,친구,22
2011,며느리,21
2011,자식,21
2011,설정,20
2011,무엇,19
2011,폭풍,19
2011,대화,19
2011,시어머니,18
2011,티슈,18
2011,느껴질,16
2011,주인공,14
2011,마지막지문,14
2011,벗어,14
2012,캐나다,7
2014,기억,3195
2014,앨리스,2749
2014,줄리안,2365
2014,무어,2278
2014,연기,1644
2014,알츠하이머,1556
2014,그녀,1367
2014,가족,1305
2014,상실,970
2014,사람,815
2014,엄마,801
2014,마지막,783
2014,모습,745
2014,줄리안무어,678
2014,감동,650
2014,가슴,645
2014,순간,589
2014,여운,530
2014,존재,467
2014,치매,456
2014,마음,452
2014,현실적,441
2014,우리,421
2014,주인공,418
2014,감정,404
2014,지금,401
2014,현실,387
2014,느낌,373
2014,의미,361
2014,연기력,358
2014,인생,356
2014,love,344
2014,시간,335
2014,alice,330
2014,슬픔,324
2014,스틸,323
2014,스스로,307
2014,환자,304
2014,장면,297
2014,인간,284
2014,좋았어요,281
2014,가족들,272
2014,연출,271
2014,누구,269
2014,연설,265
2014,계속,259
2014,있을까,254
2014,사람들,252
2014,줄리앤,250
2014,작품,249
2014,공감,245
2014,스토리,243
2014,소재,231
2014,세상,219
2014,상황,208
2014,그것,206
2014,진짜,203
2014,제목,196
2014,느끼게,195
2014,주변,190
2014,단어,189
2014,언어,188
2014,엔딩,187
2014,추억,183
2014,인상,174
2014,여우주연상,172
2014,너무나,171
2014,아카데미,171
2014,크리스틴,171
2014,억지,170
2014,내용,168
2014,미래,161
2014,배우들,159
2014,전개,154
2014,진행,149
2014,선택,146
2014,받아들,144
2014,대사,144
2014,알게,144
2014,결말,143
2014,부모님,142
2014,때문,133
2014,엘리스,132
2014,모두,126
2014,있어서,125
2014,자체,124
2014,돌아보게,122
2014,얘기,116
2014,여자,116
2014,오스카,114
2014,변화,111
2014,부분,109
2014,걱정,106
2014,부모,103
2014,누군가,101
2014,일부,99
2014,존엄,99
2014,steal,95
2014,엘리,94
2014,눈빛,94
2014,두려움,92
2014,구성,91
2014,마무리,91
2014,드라마,91
2014,그대로,90
2014,여주인공,89
2014,극적,87
2014,주제,86
2014,경험,85
2014,사실적,84
2014,슬프고,83
2014,관계,83
2014,실제,81
2014,절망,81
2014,음악,77
2014,정도,76
2014,매일,76
2014,하루하루,74
2014,깨닫게,73
2014,언어학자,73
2014,여주,72
2014,절제,69
2014,상실감,68
2014,표정,68
2014,개인적,68
2014,의지,67
2014,유전,67
2014,방법,66
2014,지우개,64
2014,공포,62
2014,실감,62
2014,원작,61
2014,중년,61
2014,세계,61
2014,입장,60
2014,조각,59
2014,머리,59
2014,묘사,58
2014,한국,57
2014,설명,56
2014,줄리언무어,54
2014,감정이입,54
2014,당황,53
2014,자극적,52
2014,태도,52
2014,캐릭터,51
2014,수상,50
2014,나일수,50
2014,언제,49
2014,요즘,48
2014,줄리앤무어,47
2014,오랜만,47
2014,평가,46
2014,역할,46
2014,어떨까,45
2014,정말,45
2014,절대,44
2014,행동,44
2014,매력,44
2014,요소,43
2014,능력,42
2014,전체적,40
2014,죽고,40
2014,뻔하지,39
2014,실망,38
2014,큐레이터,37
2014,되돌아보게,37
2014,아름답다,37
2014,악화,37
2014,나일까,36
2014,크레딧,36
2014,무섭고,36
2014,리얼,36
2014,현실감,35
2014,정체성,35
2014,슬픈일,35
2014,위로,35
2014,정적,34
2014,갈등,34
2014,각본,33
2014,경우,33
2014,어땠을까,33
2014,평점,33
2014,품위,32
2014,영화중,32
2014,슬픈영화,32
2014,예상,31
2014,호흡,30
2014,불안,30
2014,환자들,29
2014,심리,29
2014,강연,28
2014,계획,28
2014,못하게,28
2014,이순간,28
2014,전체,28
2014,말하고자,28
2014,화면,26
2014,불행,26
2014,편집,26
2014,투쟁,26
2014,크리스틴스튜어트,24
2014,현실성,24
2014,알렉볼드윈,24
2014,우스꽝,24
2014,끝나도,24
2014,흘릴,24
2014,사회적,24
2014,올해,24
2014,있는일,24
2014,내머리속,24
2014,잃어간다는것,23
2014,의사소통,23
2014,어디,22
2014,한마디,22
2014,주연상,21
2014,한국영화,21
2014,still,21
2014,관심,20
2014,분들,20
2014,어쩔수,20
2014,진행과정,20
2014,연설문,19
2014,교훈,19
2014,의사,19
2014,인지능력,18
2014,선물,18
2014,미국,18
2014,극장,18
2014,검사,18
2014,유전성,18
2014,후반,18
2014,설정,18
2014,훌쩍,15
2014,속도,15
2014,잃는것,15
2014,9점,14
2014,발생,14
2014,기억못,14
2014,보는것,14
2014,움직,14
2014,내모습,14
2014,아버지,13
2014,품격,13
2014,명품연기,13
2014,울컥울컥,12
2014,폴더,12
2014,목걸이,12
2014,남의일,12
2014,심경,12
2014,동화,12
2014,폭풍,12
2014,가족중,12
2014,배우자,11
2014,물건,10
2014,인생연기,10
2014,bgm,10
2014,인위적,10
2014,그것들,10
2014,슬픈병,10
2014,올수,9
2014,몰입력,9
2014,많은생각,9
2014,반짝,8
2014,엘리트,8
2014,아프지,6
2015,반전,4473
2015,가족,3090
2015,부모님,2429
2015,부모,1458
2015,재미,1440
2015,가슴,1438
2015,마지막,1238
2015,엄마,880
2015,스토리,844
2015,연기,801
2015,기억,772
2015,배우,688
2015,초반,674
2015,배우들,667
2015,내용,661
2015,마음,643
2015,처음,565
2015,아름,538
2015,후반,497
2015,노년,491
2015,치매,464
2015,사람,461
2015,영화였어요,437
2015,후반부,434
2015,영화가,434
2015,중간,428
2015,한국,423
2015,가족애,421
2015,아버지,417
2015,완전,408
2015,나름,403
2015,슬프고,379
2015,할아버지,378
2015,영화입니다,375
2015,오랜만,352
2015,전개,349
2015,슬픔,348
2015,영화였습니다,347
2015,아빠,338
2015,여운,335
2015,뭔가,331
2015,가족들,327
2015,노트북,312
2015,엄청,312
2015,강제규,307
2015,느끼게,299
2015,로맨스,294
2015,연기력,291
2015,장수,275
2015,휴지,267
2015,할머니,266
2015,나이,262
2015,드라마,260
2015,현실,248
2015,부분,246
2015,장면,244
2015,모습,244
2015,신파,243
2015,윤여정,237
2015,국제시장,236
2015,대박,235
2015,계속,233
2015,알았는데,221
2015,남자,221
2015,어머니,219
2015,작품,218
2015,연출,217
2015,살짝,216
2015,중반,201
2015,재밌고,200
2015,우리,193
2015,있었지만,193
2015,설정,187
2015,중간중간,182
2015,시간,182
2015,폭풍,182
2015,cj,181
2015,여자,180
2015,의미,179
2015,인생,176
2015,소재,175
2015,필요,171
2015,기대안,169
2015,공감,162
2015,한국영화,149
2015,사람들,146
2015,이름,146
2015,부부,144
2015,주변,136
2015,전형적,136
2015,그렇게,135
2015,미래,135
2015,흐름,129
2015,소중함,128
2015,박근형님,124
2015,실망,123
2015,의외,120
2015,반전감동,120
2015,후회,119
2015,캐릭터,118
2015,뜬금,118
2015,눈물샘,118
2015,지금,118
2015,편집,117
2015,그럭저럭,116
2015,좋을듯,116
2015,너무나,114
2015,구성,113
2015,약간,111
2015,기분,111
2015,시나리오,110
2015,조진웅,110
2015,콧물,109
2015,성칠,108
2015,순간,108
2015,정말,108
2015,엄마아빠,105
2015,여자친구,104
2015,개인적,104
2015,친구,103
2015,코믹,103
2015,모두,103
2015,시대,103
2015,주르륵,102
2015,사랑이야기,102
2015,무엇,101
2015,폭풍눈물,100
2015,아쉬움,97
2015,배우분들,97
2015,정도,93
2015,손수건,93
2015,동생,92
2015,남편,92
2015,중년,91
2015,가슴찡,90
2015,세상,90
2015,알츠하이머,89
2015,어르신들,88
2015,분들,87
2015,복수,87
2015,알게,86
2015,더욱,86
2015,황혼,85
2015,엔딩,85
2015,얘기,81
2015,중반부,81
2015,예측,80
2015,금님,80
2015,추억,80
2015,감독님,80
2015,관객,79
2015,상황,78
2015,강제규감독,78
2015,예고편,77
2015,전체,76
2015,영화중,76
2015,이해가,76
2015,문제,75
2015,훌쩍,75
2015,주연,73
2015,시사회,73
2015,임금님,72
2015,신파극,69
2015,줄거리,67
2015,출연,67
2015,초반부,67
2015,끝나고,66
2015,이런영화,66
2015,엑소,66
2015,코미디,65
2015,조연,65
2015,올해,65
2015,지루함,65
2015,앞부분,64
2015,재개발,64
2015,동네,64
2015,식스센스,64
2015,선생님,64
2015,부모님생각,63
2015,흥행,63
2015,실제,62
2015,짱짱,60
2015,최근,59
2015,그나마,57
2015,반전영화,57
2015,절대,57
2015,좋을것,56
2015,일어,56
2015,리메이크,56
2015,선물,55
2015,김성칠,54
2015,분명,54
2015,기승전,54
2015,첫사랑,54
2015,나왔습니다,53
2015,장르,53
2015,플롯,53
2015,아닐까,52
2015,기대이상,52
2015,가족이야기,52
2015,극장,52
2015,영화인거,52
2015,마지막반전,51
2015,ppl,51
2015,정신,51
2015,몰입도,50
2015,평생,50
2015,자체,49
2015,영화라고,49
2015,깨닫게,49
2015,감정이입,49
2015,요소,49
2015,봄날,48
2015,가족사랑,48
2015,결혼,48
2015,당신,47
2015,감동적인영화,47
2015,영화인것,46
2015,평이,45
2015,전화,45
2015,영화인듯,45
2015,무척,44
2015,설명,44
2015,예상못,44
2015,찔끔,44
2015,커버,44
2015,미소,44
2015,노인들,43
2015,없지,42
2015,상영,42
2015,로맨틱,41
2015,어벤져스,40
2015,동화,40
2015,매력,40
2015,인간,39
2015,깨알,39
2015,볼만한영화,39
2015,액션,39
2015,본것,38
2015,선택,38
2015,보는것,38
2015,연기자들,37
2015,명품,37
2015,세대,37
2015,해결,37
2015,짜임새,37
2015,포인트,36
2015,전반,36
2015,교훈,36
2015,비밀,36
2015,cgv,35
2015,10점,35
2015,힌트,35
2015,우리들,35
2015,영화부모님,34
2015,때문,34
2015,현대,34
2015,인물,34
2015,할수,34
2015,연기잘,34
2015,영화들,34
2015,정서,33
2015,흘리면서,33
2015,흥미,32
2015,과정,32
2015,스릴러,32
2015,만드네요,32
2015,충격,32
2015,도가니,32
2015,영화감동,32
2015,짐작,31
2015,설마,31
2015,긴장,30
2015,폭풍감동,30
2015,한국적,30
2015,앞뒤,30
2015,과거,30
2015,평가,30
2015,바람,30
2015,슬펐습니다,29
2015,박건형,29
2015,추석,28
2015,웃기기도,28
2015,잔잔한감동,27
2015,나이듦,27
2015,30분,27
2015,폭풍오열,27
2015,할아버지할머니,27
2015,자식들,27
2015,등장,26
2015,한사람,26
2015,퍼즐,26
2015,뻔한듯,26
2015,찡하게,25
2015,금님씨,25
2015,성칠씨,25
2015,식스센스급,25
2015,미국,25
2015,막장,24
2015,아버님,24
2015,리멤버,24
2015,5월,24
2015,재밌기도,24
2015,생각을하게,24
2015,과장,24
2015,몇몇,24
2015,비중,23
2015,감수성,23
2015,복수극,23
2015,망각,22
2015,있을지,22
2015,슬픈일,22
2015,반전의반전,22
2015,중반이후,22
2015,박근형윤여정,22
2015,단어,22
2015,반전내용,22
2015,중후반,22
2015,로멘스,21
2015,재미와감동,21
2015,상업영화,20
2015,강력추천,20
2015,내가족,20
2015,동반자,20
2015,코드,20
2015,의문,20
2015,뒷통수,20
2015,외할머니,20
2015,티비,20
2015,씨제이,19
2015,호흡,19
2015,역사,19
2015,반전눈물,19
2015,가족의사랑,18
2015,범벅,18
2015,박근형할아버지,18
2015,표정,18
2015,생각못,17
2015,생각케,17
2015,스토리전개,17
2015,할아버지들,16
2015,짐이,16
2015,스타일,16
2015,재미감동,16
2015,기억못,16
2015,쏟게,16
2015,즈음,16
2015,관계,16
2015,커플,16
2015,지루한면,15
2015,한구석,15
2015,cj감성,14
2015,반전대박,14
2015,vip,14
2015,본영화중,13
2015,가족모두,12
2015,나올뻔,12
2015,감동적인것,12
2015,디테일,12
2015,미스터리,12
2015,사회적,12
2015,펑펑울게,12
2015,안지루,12
2015,슬프고감동적,12
2015,억지울음,11
2015,리뷰,11
2015,짜내기,11
2015,흘렸음,10
2015,이런가족,10
2015,강감독,10
2015,쓰나미,10
2015,tv드라마,10
2015,형성,9
2015,패턴,9
2015,범죄,9
2015,엑소찬열,9
2015,연출력,8
2015,거짓말,8
2015,한가족,8
2015,서사,7
2015,잔잔함,6
2015,황혼로맨스,6
2015,지루할수,5
2016,이성민,159
2016,연기,105
2016,가족,35
2016,연출,31
2016,순간,21
2016,표정,12
2016,장면,8
2017,연기,19857
2017,영화,10042
2017,연기력,8645
2017,김남길,8063
2017,배우들,5838
2017,설현,5527
2017,스토리,4120
2017,마지막,4017
2017,재미,3776
2017,결말,3596
2017,느낌,2967
2017,내용,2759
2017,살인자,2537
2017,봤어요,2341
2017,긴장감,2320
2017,설경구님,2252
2017,소름,1954
2017,대박,1861
2017,치매,1700
2017,설경구씨,1636
2017,소재,1603
2017,스릴러,1526
2017,몰입도,1508
2017,전개,1470
2017,계속,1363
2017,중간,1351
2017,장면,1301
2017,작품,1288
2017,알츠하이머,1217
2017,부분,1187
2017,사람,1137
2017,한국,1077
2017,메멘토,1031
2017,관객,1004
2017,완전,986
2017,몰입감,973
2017,근데,969
2017,각색,955
2017,처음,944
2017,중간중간,847
2017,돋보,835
2017,좋네요,825
2017,배우님,816
2017,읽어보고,803
2017,정도,792
2017,병수,784
2017,전체적,768
2017,개인적,756
2017,후반,744
2017,진실,742
2017,인상,730
2017,캐릭터,730
2017,필요,719
2017,읽고,715
2017,후반부,699
2017,시간,686
2017,가장,683
2017,부성애,678
2017,김영하,648
2017,좋았음,644
2017,머리,640
2017,이야기,637
2017,한국영화,625
2017,아쉬움,612
2017,구성,607
2017,관람,601
2017,오랜만,598
2017,저는,579
2017,사실,566
2017,의외,559
2017,기분,558
2017,만족,554
2017,자신,552
2017,엄마,546
2017,매력,531
2017,전혀,529
2017,이렇게,510
2017,초반,502
2017,원작소설,502
2017,현실,490
2017,연기잘,489
2017,모습,486
2017,순간,479
2017,아쉽네요,477
2017,감동,475
2017,흐름,468
2017,시간가는줄,462
2017,전체,462
2017,살인마,453
2017,그럭저럭,450
2017,엔딩,450
2017,장난,444
2017,시나리오,442
2017,김병수,429
2017,인상적,425
2017,장르,423
2017,여운,421
2017,마음,398
2017,얼굴,391
2017,제일,380
2017,감정,380
2017,배우분들,379
2017,캐릭,378
2017,망상,378
2017,최근,376
2017,자꾸,376
2017,자체,370
2017,싶네요,365
2017,영화중,364
2017,작가,360
2017,사랑,355
2017,태주,352
2017,설경구배우,341
2017,올해,340
2017,압권,338
2017,주연,335
2017,상상,333
2017,기대이상,330
2017,오달수,328
2017,일품,325
2017,명불허전,324
2017,설경구배우님,321
2017,유머,320
2017,압도,320
2017,기대안,316
2017,연기짱,313
2017,진행,312
2017,아버지,309
2017,누구,307
2017,호빵맨,307
2017,김남길씨,304
2017,역할,304
2017,설경구김남길,297
2017,중반,294
2017,눈물,293
2017,분명,290
2017,사람들,288
2017,시점,285
2017,전반적,284
2017,인물,284
2017,습관,282
2017,자연,280
2017,다르게,277
2017,영화화,275
2017,개연성,271
2017,정말,271
2017,액션,268
2017,요소,268
2017,노력,262
2017,인간,262
2017,결론,261
2017,좋았네요,261
2017,가슴,260
2017,세상,260
2017,꿀잼,259
2017,상황,256
2017,김남길님,253
2017,각본,251
2017,사이,251
2017,매력적,250
2017,더욱,250
2017,남자,249
2017,영화적,247
2017,심장,246
2017,캐스팅,246
2017,연기자들,245
2017,압도적,244
2017,너무나,242
2017,그냥저냥,242
2017,책과는,239
2017,영화관,238
2017,공포,238
2017,왜곡,237
2017,헷갈리게,236
2017,실제,235
2017,명품,233
2017,평점,233
2017,아니고,227
2017,목소리,225
2017,하드캐리,224
2017,말할것도,224
2017,모르겠지만,222
2017,있었어요,221
2017,편집,221
2017,설경규,221
2017,뒤죽박죽,220
2017,수작,218
2017,연기자,218
2017,가족,215
2017,의문,214
2017,인생,213
2017,짜임새,213
2017,경구형,212
2017,아닐까,209
2017,주연배우,209
2017,끝날때,207
2017,지루함,207
2017,강추,206
2017,재밌고,205
2017,약간,204
2017,배우연기,204
2017,우리,203
2017,짱짱,203
2017,무섭고,202
2017,박하사탕,200
2017,아이돌,200
2017,과거,198
2017,흡입력,198
2017,선택,197
2017,가정,196
2017,알았는데,195
2017,설배우,194
2017,쏘쏘,194
2017,호불호,194
2017,어디,193
2017,10,191
2017,관객들,188
2017,이영화,185
2017,그대로,185
2017,연출력,184
2017,배우님들,183
2017,줄거리,181
2017,주제,181
2017,충격,181
2017,갓경구,180
2017,명연기,180
2017,드라마,179
2017,연기들,177
2017,영상미,170
2017,평이,169
2017,제목,168
2017,설현씨,168
2017,오랫만에,168
2017,2시간,168
2017,혼돈,168
2017,거짓,167
2017,경련,166
2017,추억,166
2017,악역,165
2017,치매환자,165
2017,서스펜스,164
2017,의도,163
2017,몸매,163
2017,중반부,163
2017,절대,163
2017,신파,163
2017,워낙,162
2017,과정,160
2017,싶을,160
2017,연쇄살인마,160
2017,플롯,160
2017,갈수,159
2017,장면들,158
2017,범죄,158
2017,괜찮아요,157
2017,감동적,156
2017,가는줄,156
2017,독백,154
2017,만드네요,154
2017,폭력,153
2017,성공,153
2017,어머니,150
2017,정당화,149
2017,특유,148
2017,노잼,147
2017,완성도,146
2017,설배우님,146
2017,보냅니다,144
2017,끊임,144
2017,속에서,144
2017,곡성,144
2017,짜임,143
2017,극장,143
2017,방법,142
2017,예고편,142
2017,미친연기력,140
2017,쓸데,138
2017,친구,138
2017,전반,138
2017,눈빛연기,138
2017,도대체,137
2017,착각,137
2017,방식,137
2017,느끼게,136
2017,상상력,135
2017,원신연,135
2017,서로,134
2017,본것,133
2017,스릴넘,133
2017,지루한감,131
2017,어디서,131
2017,근래,130
2017,흡입,130
2017,초중반,130
2017,구분,130
2017,여성,129
2017,그나마,128
2017,존잼,128
2017,한국판,128
2017,보고싶네요,128
2017,우려,128
2017,출연,127
2017,영화설경구,126
2017,무섭기도,125
2017,김설현,125
2017,연기대,125
2017,부모님,125
2017,여자,125
2017,두배우,124
2017,슬프고,124
2017,두시간,124
2017,전형적,124
2017,설현님,124
2017,잊고,123
2017,배우분,123
2017,연기대박,123
2017,복선,123
2017,김남일,122
2017,쫄깃쫄깃,122
2017,놓을수,122
2017,은근,121
2017,조합,120
2017,신경,119
2017,15세,119
2017,1인칭,118
2017,상태,117
2017,반전의반전,117
2017,자극,116
2017,구멍,115
2017,뜬금,115
2017,감독님,115
2017,엄지척,114
2017,서사,114
2017,자극적,114
2017,김날길,112
2017,후회,111
2017,한국영화중,109
2017,정신이,109
2017,환상,109
2017,환자,108
2017,조작,108
2017,짜증,107
2017,집중력,107
2017,극장판,107
2017,분장,106
2017,스릴감,105
2017,포인트,104
2017,예고,104
2017,충격적,103
2017,재발견,102
2017,음악,102
2017,기억속,102
2017,영화속,102
2017,기대감,102
2017,후덜덜,102
2017,조연,100
2017,킬링타임용,100
2017,묘사,99
2017,싸이코,99
2017,10점,99
2017,남길,99
2017,스타일,98
2017,마지막장면,98
2017,가정폭력,98
2017,터널,98
2017,한순간,97
2017,소설원작,96
2017,연기때문,96
2017,변신,95
2017,호흡,93
2017,누군가,93
2017,스릴러영화,93
2017,미스테리,93
2017,재밌었는데,92
2017,강철중,92
2017,중후반,92
2017,관람객,91
2017,행동,91
2017,김남길배우,90
2017,새삼,90
2017,상처,89
2017,극중,89
2017,싸움,88
2017,않은데,87
2017,차이,86
2017,입장,86
2017,즐겁게,86
2017,뭐야,85
2017,할수,85
2017,설경구아저씨,84
2017,자기,84
2017,불안,84
2017,아쉽긴,83
2017,감정이입,83
2017,지루할틈,82
2017,캐리,82
2017,8588,82
2017,음향,80
2017,고통,80
2017,뗄수,80
2017,헷갈림,79
2017,명작,79
2017,폭력적,79
2017,얘기,78
2017,영화인것,78
2017,상영,78
2017,화면,78
2017,될듯,77
2017,변화,77
2017,찝찝함,77
2017,반전에반전,77
2017,액션씬,76
2017,미장센,76
2017,엄지,76
2017,경구형님,76
2017,불한당,76
2017,러닝타임,75
2017,별로예요,75
2017,추격자,75
2017,웃음포인트,74
2017,물음표,74
2017,다르다고,74
2017,덱스터,74
2017,이미지,73
2017,대배우,72
2017,박진감,72
2017,역대급,72
2017,100,72
2017,4885,72
2017,사이코,70
2017,잔인함,69
2017,스릴러물,68
2017,연기진짜,68
2017,연기력짱,68
2017,멘붕,68
2017,극적,68
2017,여배우,68
2017,여자친구,67
2017,호연,67
2017,아이러니,66
2017,점수,66
2017,어려움,66
2017,사이코패스,66
2017,개꿀잼,65
2017,단점,65
2017,빈틈,65
2017,cgv,65
2017,어딘가,65
2017,상대,64
2017,몰입력,64
2017,형님,64
2017,말할것,64
2017,모호함,64
2017,오아시스,63
2017,감정선,63
2017,존경,61
2017,멱살,61
2017,이해못,61
2017,긴가민가,61
2017,기억상실,60
2017,문학,60
2017,한마디,60
2017,안면근육,59
2017,집중할수,59
2017,발연기,59
2017,모티브,58
2017,클리셰,58
2017,선방,58
2017,궁금증,58
2017,외모,58
2017,최고인듯,57
2017,빠져들게,57
2017,깜놀,57
2017,퍼즐,57
2017,심리적,57
2017,스토리전개,57
2017,재구성,56
2017,독자,56
2017,허상,56
2017,남자친구,56
2017,놓칠수,56
2017,영화인거,56
2017,작품성,55
2017,피해자,55
2017,후기,55
2017,떨어지네요,55
2017,체중감량,55
2017,쏠쏠,55
2017,서술,54
2017,내기억,54
2017,코드,54
2017,환경,54
2017,요리,54
2017,내용전개,54
2017,놓치지,54
2017,cg,54
2017,어쩔수,54
2017,깨알,54
2017,세계,54
2017,올드,54
2017,확신,53
2017,강력,53
2017,부분들,53
2017,음식,53
2017,몰입할수,53
2017,결말해석,53
2017,고구마,53
2017,화자,52
2017,화장실,52
2017,살인자들,52
2017,믿을수,52
2017,다른느낌,52
2017,봄비,51
2017,코믹요소,51
2017,굿굿굿,51
2017,우연,51
2017,인셉션,51
2017,어린시절,50
2017,다리미,50
2017,공책,50
2017,인생영화,50
2017,깜빡,50
2017,존잘,50
2017,부족함,50
2017,이해가안,49
2017,편견,49
2017,아닙니다,49
2017,원작자,49
2017,긴박감,49
2017,좋으네요,49
2017,우리나라,48
2017,화장,48
2017,오픈결말,48
2017,강남길,48
2017,설경구형님,48
2017,맞지,47
2017,광고,47
2017,된듯,47
2017,움직,47
2017,쉽지,46
2017,멋짐,46
2017,치매노인,46
2017,능력,46
2017,서점,46
2017,인생작,46
2017,흔적,46
2017,틀림,46
2017,멋집니다,46
2017,성공적,45
2017,증상,45
2017,카메라,45
2017,보는듯,45
2017,심장쫄깃,45
2017,강남,44
2017,같기도,44
2017,용서,44
2017,두근두근,44
2017,김남길배우님,44
2017,장르적,44
2017,오달수님,44
2017,물음,44
2017,나쁜놈,43
2017,첫장면,43
2017,팩트,43
2017,감탄할,43
2017,30,43
2017,색깔,43
2017,미스캐스팅,42
2017,있는듯,42
2017,스탠스미스,42
2017,절제,42
2017,미스터리,42
2017,수준급,42
2017,버전,42
2017,범죄스릴러,41
2017,연기구멍,41
2017,긴장감넘,41
2017,반전반전,41
2017,좋았어요설경구,41
2017,할머니,41
2017,아쉬운부분,41
2017,인간적,40
2017,김영하님,40
2017,뿌리기,40
2017,목걸이,40
2017,축복,40
2017,리뷰,40
2017,200,40
2017,마그네슘,40
2017,절정,39
2017,한사람,39
2017,알츠하이머병,39
2017,욕심,39
2017,철학,39
2017,영화배우,39
2017,쾌감,39
2017,10분,39
2017,당위성,39
2017,접근,39
2017,노래,38
2017,파괴,38
2017,아닌거,38
2017,출연진,38
2017,있는가,38
2017,자동차,38
2017,앞뒤,38
2017,싶을정도,38
2017,무대인사,38
2017,보고싶을,38
2017,걸린듯,37
2017,납득,37
2017,30분,37
2017,장난아님,37
2017,무리수,37
2017,사생활,37
2017,좀지루,37
2017,이질감,36
2017,참고,36
2017,바보,36
2017,읽어봐야지,36
2017,다른듯,36
2017,포함,36
2017,학대,36
2017,와설경구,36
2017,말할필요,36
2017,대나무숲,36
2017,몇번,36
2017,3개,35
2017,봤어요설경구,35
2017,황석정,35
2017,상영관,35
2017,크레딧,35
2017,나오지,35
2017,쓰레기,35
2017,문체,35
2017,군더더기,34
2017,있는것,34
2017,만드는영화,34
2017,범죄자,34
2017,있었을텐데,34
2017,아닌것,34
2017,귀신,34
2017,아니라고,34
2017,흠뻑,34
2017,질문,34
2017,설경구연기만,34
2017,두분,34
2017,다른결말,34
2017,합리화,34
2017,설경구짱,33
2017,재밌는영화,33
2017,요근래,33
2017,캐릭터들,33
2017,물론,32
2017,설현때문,32
2017,대한민국,32
2017,내레이션,32
2017,프로,32
2017,될것,32
2017,가정환경,32
2017,스릴만점,32
2017,배경음악,32
2017,종반,32
2017,어리둥절,32
2017,필모,32
2017,컸다,32
2017,기승전결,32
2017,신선함,32
2017,피식,31
2017,소름돋을정도,31
2017,있는영화,31
2017,그런데,31
2017,ost,31
2017,정신병,30
2017,남길님,30
2017,대표작,30
2017,번째,30
2017,현실감,30
2017,김영하작가님,30
2017,독보,30
2017,추리소설,30
2017,택시,29
2017,할듯,29
2017,올드보이,29
2017,교통사고,29
2017,20분,29
2017,몸부림,29
2017,논란,29
2017,단어,29
2017,있을것,29
2017,아이디어,29
2017,트릭,29
2017,불안정,28
2017,걸리지,28
2017,소름끼칠,28
2017,배우설경구,28
2017,가능성,28
2017,동일,28
2017,옛날,28
2017,무서운병,28
2017,않은듯,28
2017,농락,27
2017,지루한부분,27
2017,왓챠,27
2017,최고였던,27
2017,없는듯,26
2017,5점,26
2017,궁금함,26
2017,만든영화,26
2017,졸작,26
2017,tv,26
2017,머리뚜껑,26
2017,시간동안,26
2017,잠깐,26
2017,b급,26
2017,별로다,26
2017,반전반전반전,25
2017,설경구김남길설현,25
2017,플러스,25
2017,복수,25
2017,둘째,24
2017,괴리,24
2017,경구옹,24
2017,스릴러중,24
2017,행위,24
2017,평론가,24
2017,아쉬운듯,24
2017,장치들,24
2017,재밌기도,24
2017,된것,24
2017,거슬림,24
2017,영화였던거,24
2017,연기설현,24
2017,인위적,24
2017,3점,24
2017,걸린것,24
2017,폭풍,24
2017,흡인력,24
2017,규칙,23
2017,변주,23
2017,싶은것,23
2017,슬펐음,23
2017,눈경련,23
2017,마이너스,22
2017,다른부분,22
2017,엉망진창,22
2017,알바들,22
2017,오마쥬,22
2017,넘사벽,22
2017,재밌을거,22
2017,지우개,22
2017,동안,22
2017,명배우들,22
2017,종반부,22
2017,테이큰,22
2017,연기김남길,22
2017,어떤것,22
2017,홍보,22
2017,너무기대,22
2017,피로,22
2017,흠잡을데,21
2017,휘몰아,21
2017,아이들,21
2017,밸런스,21
2017,픽션,21
2017,만들지,21
2017,경구님,21
2017,연기는좋았으나,21
2017,퀄리티,21
2017,하정우,20
2017,변함,20
2017,패턴,20
2017,한장면,20
2017,투혼,20
2017,흐지부지,20
2017,하는것,20
2017,블랙코미디,20
2017,연기력대박,20
2017,찾아보게,20
2017,상업영화,19
2017,연기는잘,19
2017,밀도,19
2017,무슨의미,19
2017,가슴찡,19
2017,영화한편,19
2017,걸릴것,19
2017,흉내,19
2017,혐오,18
2017,뭐지뭐지,18
2017,8점,18
2017,감상평,18
2017,잔인한장면,18
2017,퍼펙트,18
2017,베스트셀러,18
2017,오버랩,18
2017,게임,18
2017,배우연기력,18
2017,커플,18
2017,할정도,17
2017,최고의영화,17
2017,판타지,17
2017,선입견,17
2017,작품들,17
2017,있을까요,17
2017,임펙트,17
2017,붕괴,16
2017,보려구요,16
2017,합격,16
2017,김남길설경구,16
2017,구성력,16
2017,없을정도,16
2017,메타포,16
2017,봤던영화,16
2017,치매걸린거,16
2017,베테랑,15
2017,얼굴경련,15
2017,면모,15
2017,무슨말,15
2017,6점,15
2017,재밌네요설,15
2017,별기대,15
2017,형성,14
2017,다른영화,14
2017,배우자들,14
2017,밀당,14
2017,질병,14
2017,감성적,14
2017,연기연출,14
2017,루즈함,14
2017,끝장면,13
2017,놀라울,13
2017,행적,13
2017,직원,13
2017,10초,13
2017,처절함,13
2017,한계점,12
2017,창조,12
2017,봤어요원작,12
2017,시리즈,12
2017,광팬,12
2017,오락영화,12
2017,공포물,12
2017,현실성,12
2017,감독연출,12
2017,매순간,12
2017,관람객들,12
2017,속도,12
2017,김남길눈빛,12
2017,합격점,12
2017,의도한것,12
2017,단편,12
2017,기억될듯,12
2017,뻔한결말,12
2017,어떤의미,12
2017,위험성,12
2017,칼날,12
2017,형사,12
2017,차사고,12
2017,오달수씨,12
2017,학습,12
2017,설현연기잘,12
2017,스펙트럼,12
2017,연출때문,12
2017,연기스토리,11
2017,정신상태,11
2017,쉴틈,11
2017,양념,10
2017,가족영화,10
2017,잘하고설현,10
2017,스릴러장르,10
2017,논리,10
2017,후속편,10
2017,연기력죽,10
2017,엘리베이터,10
2017,느낌설경구,10
2017,티비,10
2017,봤어요마지막,10
2017,봤어요배우들,10
2017,영화기대,10
2017,날짜,10
2017,연기력설현,10
2017,숨막힐,10
2017,출연자,9
2017,음설경구,9
2017,설경구오달수,8
2017,아마추어,8
2017,영화진행,8
2017,조연배우들,8
2017,몸매부각,8
2017,일본영화,8
2017,대박인듯,8
2017,후시녹음,8
2017,걸그룹,8
2017,특히설경구,8
2017,투성이,7
2017,눈깜박임,7
2017,좋았습니다원작,7
2017,다른사람들,7
2017,슬프면서,7
2017,타입,7
2017,흥미진진함,7
2017,검증,6
2017,히트,6
2017,스릴러설,6
2017,시너지,6
2017,설경구눈,6
2017,씬들,6
2017,소름연기,6
2017,봤어요영화,6
2017,정신병자,5
2017,재미있었어요원작,4
2017,연기가돋보,4
2017,대박김남길,3
2018,가족,701
2018,치매,171
2018,사랑,163
2018,이야기,109
2018,연기,107
2018,현실,83
2018,엄마,79
2018,배우,76
2018,배우들,71
2018,누구,65
2018,우리,51
2018,인생,42
2018,부모님,36
2018,아들,31
2018,얘기,31
2018,감독,28
2018,스토리,28
2018,시간,26
2018,아빠,23
2018,나이,19
2018,인정,19
2018,재미,18
2018,여성,18
2018,정도,12
2018,고집,12
2018,오빠,8
2018,구성원,7
2019,드라마,2280
2019,하루,1557
2019,지금,1286
2019,연기,1063
2019,가족,1035
2019,치매,980
2019,눈물,980
2019,부모님,931
2019,오늘,859
2019,감동,841
2019,김혜자,836
2019,혜자,813
2019,배우,788
2019,미래,758
2019,과거,724
2019,후회,721
2019,아름,710
2019,세상,680
2019,가슴,667
2019,마음,601
2019,사람,572
2019,작품,518
2019,시간,506
2019,부모,489
2019,할머니,486
2019,그냥,482
2019,현실,430
2019,이렇게,406
2019,감동적,405
2019,새벽,401
2019,연출,360
2019,온다,351
2019,가장,347
2019,처음,344
2019,남주혁,343
2019,배우들,341
2019,장면,340
2019,로망,335
2019,냄새,333
2019,스토리,330
2019,한지민,303
2019,10화,296
2019,계속,291
2019,반전,286
2019,준하,278
2019,선생님,276
2019,그대,275
2019,느낌,274
2019,아버지,272
2019,조금씩,271
2019,누구,267
2019,내용,260
2019,대사,258
2019,공감,257
2019,위로,238
2019,이별,233
2019,사람들,230
2019,감정,223
2019,현실적,219
2019,자신,215
2019,이순재,214
2019,이해,211
2019,일본,211
2019,소재,207
2019,부분,200
2019,결말,199
2019,부부,198
2019,슬프고,196
2019,의미,193
2019,너무나,193
2019,나이,179
2019,할아버지,175
2019,엔딩,175
2019,노년,173
2019,모두,167
2019,연기력,165
2019,서로,163
2019,눈이부시게,156
2019,배우님,151
2019,존재,145
2019,필요,142
2019,상황,141
2019,정도,139
2019,엄청,137
2019,봤는데,137
2019,추억,135
2019,안녕,132
2019,시대,130
2019,기대,129
2019,제목,127
2019,슬픔,127
2019,12화,126
2019,억지,125
2019,캐릭터,121
2019,얼굴,121
2019,평생,119
2019,상상,119
2019,나레이션,114
2019,무엇,113
2019,손호준,113
2019,안내상,112
2019,자식,110
2019,정주행,109
2019,자꾸,107
2019,유코,105
2019,요즘,105
2019,한국,100
2019,정영숙,100
2019,문제,96
2019,느끼게,95
2019,남편,94
2019,1화,94
2019,노망,91
2019,친구,90
2019,주변,89
2019,자체,86
2019,신파,86
2019,일상,84
2019,분들,83
2019,휴지,81
2019,마무리,80
2019,진행,79
2019,정말,79
2019,두분,79
2019,실제,78
2019,것들,78
2019,마지막회,77
2019,후반,77
2019,예상,76
2019,얘기,75
2019,걱정,75
2019,후반부,74
2019,2화,74
2019,로맨스,72
2019,주인공,71
2019,나이듦,71
2019,작가,71
2019,전개,70
2019,과정,70
2019,서사,67
2019,효도,67
2019,때문,66
2019,울다,63
2019,선택,62
2019,고통,61
2019,세월,61
2019,부모님생각,60
2019,역할,60
2019,별점,60
2019,며느리,58
2019,관계,57
2019,10회,57
2019,여성,56
2019,각본,54
2019,충격,52
2019,주위,52
2019,노배우,50
2019,이준하,48
2019,별로,47
2019,늙음,46
2019,못하는,46
2019,코믹,46
2019,볼수,44
2019,어르신들,43
2019,웃음,43
2019,친구들,43
2019,정영숙님,42
2019,세대,42
2019,엄마아빠,42
2019,콧물,41
2019,6화,40
2019,아저씨,39
2019,웃다,39
2019,경험,38
2019,우리들,37
2019,줄줄,35
2019,이순재님,34
2019,12회,33
2019,치매노인,32
2019,구성,32
2019,혐오,31
2019,보는것,31
2019,평점,31
2019,7년,30
2019,나와서,30
2019,성장,30
2019,스물다섯,30
2019,출연,29
2019,코미디,28
2019,힐링,28
2019,극중,28
2019,긍정,28
2019,개봉,28
2019,방송,27
2019,치매환자,27
2019,뉴스,26
2019,시청자,26
2019,극장,26
2019,실감,26
2019,행복목욕탕,24
2019,입장,24
2019,절망,24
2019,아오이유우,24
2019,영화중,24
2019,플롯,23
2019,병원,22
2019,청년,22
2019,등극,22
2019,설정들,21
2019,손수건,21
2019,슬프기도,20
2019,통곡,20
2019,영화들,19
2019,심장,18
2019,발견,18
2019,이야기들,17
2019,김혜자한지민,17
2019,동안,17
2019,먹먹함,17
2019,깜빡,17
2019,추가,17
2019,관심,16
2019,실망,16
2019,적응,16
2019,침대,16
2019,토닥,16
2019,어쩔수,16
2019,문화,16
2019,있는일,16
2019,연기자,15
2019,구성원,14
2019,설득력,14
2019,퀄리티,14
2019,어린이,14
2019,될수,14
2019,없는듯,12
2019,원로배우,12
2019,폭력,12
2019,제작진,12
2019,동생,12
2019,볼때,12
2019,변화,12
2019,허비,12
2019,눈물샘,12
2019,원제,12
2019,음악,11
2019,이순재할아버지,11
2019,실수,11
2019,몰입감,11
2019,구석,10
2019,명품배우,10
2019,국가,10
2019,치매부부,10
2019,짐작,10
2019,진정성,10
2019,로망스,10
2019,화면,9
2019,그런가,9
2019,답답함,7
2020,안소니,3300
2020,치매,2756
2020,홉킨스,2582
2020,연기,2303
2020,기억,1810
2020,영화,1698
2020,공포,824
2020,시간,789
2020,마지막,761
2020,환자,748
2020,체험,713
2020,현실,713
2020,아버지,682
2020,배우,661
2020,사람,518
2020,좋았어요,502
2020,연기력,491
2020,시점,479
2020,치매환자,465
2020,모습,453
2020,알츠하이머,441
2020,눈물,431
2020,가족,420
2020,순간,419
2020,가슴,419
2020,앤소니,406
2020,안소니홉킨스,405
2020,잎사귀,388
2020,마음,376
2020,주인공,375
2020,공간,372
2020,배우들,359
2020,스릴러,358
2020,상황,350
2020,경험,344
2020,관객,343
2020,인간,342
2020,시계,330
2020,이야기,322
2020,감정,310
2020,처음,309
2020,올리비아,303
2020,슬픔,301
2020,느낌,299
2020,세상,299
2020,작품,296
2020,무엇,289
2020,우리,278
2020,장면,274
2020,엄마,274
2020,재미,267
2020,명연기,248
2020,인생,244
2020,얼굴,242
2020,주변,236
2020,미래,235
2020,인물,233
2020,너무나,229
2020,스토리,226
2020,간접,224
2020,계속,219
2020,현실적,217
2020,관점,215
2020,혼돈,208
2020,플롯,206
2020,사실,203
2020,정도,201
2020,입장,198
2020,나이,198
2020,아카데미,187
2020,당사자,186
2020,뒤죽박죽,186
2020,반복,184
2020,슬프고,182
2020,내용,181
2020,질병,176
2020,시각,174
2020,편집,174
2020,두려움,172
2020,공감,171
2020,명배우,170
2020,부모,169
2020,모두,160
2020,불안,157
2020,감동,156
2020,의미,152
2020,미로,152
2020,세계,152
2020,할아버지,151
2020,감탄,148
2020,공포영화,147
2020,아이,146
2020,느끼게,146
2020,실제,144
2020,음악,142
2020,여운,139
2020,자체,137
2020,망각,135
2020,스스로,134
2020,진행,133
2020,진실,126
2020,남우주연,123
2020,콜먼,122
2020,심리,121
2020,전개,120
2020,환상,119
2020,대사,117
2020,바람,114
2020,몰입감,114
2020,한번,113
2020,그것,113
2020,1인칭,111
2020,조각,109
2020,머리,108
2020,당신,104
2020,왜곡,102
2020,어머니,100
2020,시퀀스,98
2020,감동적,96
2020,받아들,95
2020,무력,94
2020,방식,94
2020,상실,93
2020,충격,91
2020,누군가,84
2020,절망,84
2020,조금,84
2020,할머니,81
2020,하루,79
2020,엔딩,79
2020,붕괴,78
2020,주연,78
2020,명불허전,77
2020,과거,76
2020,알게,76
2020,요양원,75
2020,대배우,73
2020,흐름,72
2020,사실적,70
2020,예상,70
2020,연출력,70
2020,정말,70
2020,압도,70
2020,자아,69
2020,죽음,69
2020,상상,65
2020,고민,64
2020,소리,62
2020,퍼즐,62
2020,부분,62
2020,살고,60
2020,명품,60
2020,해석,60
2020,간접체험,59
2020,주제,59
2020,미스터리,58
2020,침묵,56
2020,상태,54
2020,착각,53
2020,심정,53
2020,긴장,52
2020,위로,52
2020,반전,51
2020,무력감,50
2020,증상,50
2020,무서움,49
2020,변화,48
2020,영화적,48
2020,장면들,48
2020,접근,48
2020,배우님,48
2020,미스테리,48
2020,극장,47
2020,역할,47
2020,실감,47
2020,중간,46
2020,노력,46
2020,각색,46
2020,영화에요,46
2020,보호자,44
2020,문제,44
2020,늙음,43
2020,예술,43
2020,의식,43
2020,분명,42
2020,마무리,42
2020,요소,42
2020,존경,41
2020,감정이입,40
2020,의지,39
2020,간병,39
2020,행동,39
2020,형식,39
2020,추억,38
2020,한니발,38
2020,얘기,37
2020,퇴행,37
2020,뭐지,37
2020,잊고,36
2020,분들,36
2020,장소,36
2020,거장,35
2020,존엄,35
2020,나이듦,34
2020,호러,34
2020,조명,32
2020,전환,32
2020,디테일,32
2020,할수,32
2020,안토니,31
2020,의도,30
2020,끝나고,30
2020,화면,30
2020,간호사,30
2020,순서,29
2020,후보,28
2020,파편화,28
2020,관찰자,28
2020,망상,27
2020,현실감,26
2020,장난,26
2020,일관성,26
2020,완성,25
2020,매순간,25
2020,힘들게,24
2020,느낄수,24
2020,해결,24
2020,역대급,24
2020,끝자락,24
2020,10분,23
2020,시각화,23
2020,주연상,22
2020,설득,22
2020,촬영,22
2020,무기력,22
2020,렉터,22
2020,알츠하이머치매,22
2020,어르신,21
2020,아이러니,20
2020,주연배우,20
2020,예전,20
2020,질환,20
2020,확장,20
2020,주변사람,19
2020,2시간,19
2020,납득,18
2020,그자체,18
2020,절망적,18
2020,희망,18
2020,연극적,18
2020,험담,17
2020,매체,16
2020,파란색,16
2020,물건,15
2020,창문,15
2020,빙의,15
2020,설득력,15
2020,gv,15
2020,기억력,14
2020,푸츠,13
2020,윤여정,13
2020,될수,13
2020,곳곳,12
2020,있다는것,12
2020,앙상블,12
2020,증세,12
2020,두시간,12
2020,별점,12
2020,갈등,11
2020,요양병원,10
2020,주위사람,10
2020,볼때,9
2020,흔적,9
2020,감사할,8
2020,동정,7
2020,알츠하이머환자,7
2021,드라마,576
2021,생각,491
2021,어이가리,408
2021,치매,374
2021,눈물,328
2021,연기,300
2021,덕출,292
2021,그대,285
2021,가족,273
2021,박인환,272
2021,감동,264
2021,할아버지,257
2021,재미,256
2021,어이,244
2021,발레,241
2021,현실,204
2021,감동적,201
2021,지금,191
2021,송강,164
2021,인생,163
2021,사랑,161
2021,배우,158
2021,마음,155
2021,가슴,144
2021,연출,140
2021,엄마,120
2021,채록,115
2021,나이,115
2021,많이,115
2021,공감,113
2021,마지막,107
2021,배우들,107
2021,기억,106
2021,우리,99
2021,부모님,88
2021,알츠하이머,82
2021,준비,80
2021,내용,77
2021,장면,75
2021,국악,74
2021,무엇,73
2021,웹툰,72
2021,기대,70
2021,노년,67
2021,모두,64
2021,감정,63
2021,문제,62
2021,원작,61
2021,소리,60
2021,의미,56
2021,인간,56
2021,사회,56
2021,누구,54
2021,엔딩,51
2021,죽음,48
2021,무대,46
2021,청춘,46
2021,대사,45
2021,걱정,41
2021,설정,41
2021,때문,38
2021,자극,38
2021,노력,38
2021,신파,37
2021,자체,36
2021,느끼게,36
2021,억지,35
2021,서사,34
2021,은호,33
2021,현실감,32
2021,성장,32
2021,캐릭터,30
2021,힐링,28
2021,표정,28
2021,주연,27
2021,환자,24
2021,매회,21
2021,인물,21
2021,영화관,20
2021,행동,20
2021,반대,20
2021,볼수,18
2021,진행,18
2021,예상,16
2021,결말,16
2021,선생님,15
2021,중심,14
2021,의지,13
2021,실감,13
2021,구성,12
2021,세계,12
2021,세대,11
2021,분들,11
2021,홍승희,10
2021,메세지,7
2021,갈등,6
2021,영화치매,6
2022,서현진,1689
2022,배우,1374
2022,영화,745
2022,배우들,556
2022,가족,554
2022,치매,552
2022,눈물,508
2022,카시오페아,502
2022,알츠하이머,473
2022,배우님,421
2022,연기력,371
2022,감동,351
2022,기억,322
2022,가슴,308
2022,재미,277
2022,감동적,271
2022,진짜,254
2022,봤어요,246
2022,현실,238
2022,현실적,234
2022,사람,214
2022,스토리,205
2022,마음,204
2022,아버지,184
2022,연출,178
2022,소재,173
2022,마지막,147
2022,사랑,136
2022,모습,134
2022,열연,132
2022,감정,128
2022,여운,124
2022,안성기님,121
2022,장면,120
2022,엄마,117
2022,최고,116
2022,신파,109
2022,아빠,102
2022,공감,102
2022,주변,101
2022,주예림,93
2022,서현진배우,93
2022,상황,90
2022,고통,85
2022,시간,84
2022,수진,68
2022,주인공,67
2022,예상,65
2022,대사,64
2022,치매환자,64
2022,오랜만,62
2022,기대,62
2022,부모님,60
2022,부분,60
2022,존재,58
2022,부모,57
2022,의미,55
2022,역할,54
2022,인물,54
2022,사람들,53
2022,슬펐어요,52
2022,나이,52
2022,엄청,51
2022,눈빛,50
2022,부녀,50
2022,전개,49
2022,서현진배우님,49
2022,무엇,48
2022,질병,48
2022,봤는데,48
2022,모두,46
2022,울림,46
2022,관계,44
2022,주연,44
2022,인생,43
2022,우리,42
2022,상영,42
2022,자체,39
2022,분들,38
2022,주위,36
2022,억지,33
2022,초반,33
2022,문제,32
2022,대박,32
2022,진행,32
2022,소리,31
2022,현실감,30
2022,끝나고,30
2022,안성기배우님,29
2022,후반부,29
2022,전달,28
2022,초로기치매,28
2022,후반,28
2022,극장,27
2022,현진,26
2022,수진이,26
2022,받았습니다,26
2022,시작,25
2022,볼수,25
2022,각본,25
2022,한편,24
2022,다행,24
2022,흐름,23
2022,묘사,22
2022,눈물샘,21
2022,여주,20
2022,공포,20
2022,구성,19
2022,진심,19
2022,육아,18
2022,이영화,18
2022,친구,17
2022,경우,16
2022,짱짱,16
2022,예측,16
2022,표정,16
2022,변화,15
2022,디테일,15
2022,딕션,14
2022,등장,14
2022,장르,12
2022,성격,12
2022,조연,10
2022,훌쩍,8
2022,있을수,8
2023,엄마,1540
2023,영화,1108
2023,가족,1033
2023,사랑,700
2023,연기,545
2023,배우,543
2023,재미,541
2023,서로,531
2023,사람,527
2023,이야기,499
2023,세상,439
2023,기억,437
2023,현실,324
2023,관계,296
2023,사회,287
2023,자신,286
2023,마음,273
2023,어머니,272
2023,모습,266
2023,배우들,245
2023,좋았다,227
2023,공감,227
2023,오민애,223
2023,많이,215
2023,연출,214
2023,작품,214
2023,레인,197
2023,현실적,195
2023,그렇게,176
2023,요양,173
2023,시간,171
2023,여성,168
2023,문제,162
2023,어르신,160
2023,의미,156
2023,기대,154
2023,내용,154
2023,기록,148
2023,치매,147
2023,배우님,137
2023,알츠하이머,129
2023,소재,126
2023,감정,123
2023,돌봄,121
2023,아름,120
2023,감독,119
2023,요양원,116
2023,무엇,115
2023,감동,115
2023,미래,115
2023,동성애,110
2023,시대,109
2023,세계,107
2023,하윤경,104
2023,친구,104
2023,형태,97
2023,제희,96
2023,장면,96
2023,순간,93
2023,누구,93
2023,일상,91
2023,입장,90
2023,올해,90
2023,한국,89
2023,부분,89
2023,소설,88
2023,인물,81
2023,주인공,80
2023,독립,78
2023,각자,78
2023,노력,78
2023,마지막,76
2023,요양보호사,76
2023,연대,76
2023,다름,72
2023,대하여,70
2023,자식,68
2023,사회적,67
2023,남자,66
2023,세대,64
2023,고통,63
2023,부모,63
2023,얘기,61
2023,관객,61
2023,그들,61
2023,시작,60
2023,제목,59
2023,투쟁,55
2023,인생,55
2023,관점,54
2023,갈등,54
2023,여운,52
2023,두려움,51
2023,임세미,50
2023,동료,48
2023,때문,48
2023,설득,48
2023,상상,46
2023,gv,44
2023,주변,42
2023,주제,42
2023,중년,41
2023,환자,41
2023,자리,38
2023,작가,38
2023,방식,35
2023,듣고,34
2023,상처,34
2023,개봉,34
2023,진심,33
2023,소수자,33
2023,병원,32
2023,한편,32
2023,감독님,32
2023,남을,31
2023,스스로,30
2023,서사,30
2023,정말,28
2023,약자,28
2023,존중,28
2023,울림,27
2023,여러가지,24
2023,그냥저냥,24
2023,분들,24
2023,정상,24
2023,포용,24
2023,진행,24
2023,장례식,24
2023,강사,23
2023,진실,22
2023,특정,21
2023,제도,20
2023,활용,20
2023,폭력,20
2023,저널리스트,19
2023,젠더,19
2023,차이,18
2023,우리사회,18
2023,평생,18
2023,공부,17
2023,성격,17
2023,자기,16
2023,장례식장,16
2023,동반자,16
2023,의문,14
2023,좌절,14
2023,경기인디시네마,13
2023,단체,12
2023,타협,12
2023,독재,12
2023,9월,12
2023,꿋꿋,12
2023,유사,12
2023,이해못,12
2023,침묵,11
2023,심리,10
2023,케어,10
2023,영화들,10
2023,6년,9
2023,규범,9
2023,혈육,8
