"날짜","종가","시가","고가","저가","거래량","변동 %"
"2024- 12- 31","1,476.78","1,472.08","1,479.69","1,469.84","","0.51%"
"2024- 12- 30","1,469.25","1,471.10","1,477.08","1,466.20","","-0.22%"
"2024- 12- 27","1,472.50","1,468.40","1,487.37","1,466.20","","0.37%"
"2024- 12- 26","1,467.08","1,457.21","1,471.27","1,456.63","","0.73%"
"2024- 12- 25","1,456.52","1,460.93","1,460.93","1,455.51","","-0.17%"
"2024- 12- 24","1,458.93","1,453.28","1,461.54","1,449.96","","0.53%"
"2024- 12- 23","1,451.28","1,446.05","1,455.75","1,445.51","","0.46%"
"2024- 12- 20","1,444.57","1,445.95","1,453.69","1,442.94","","0.00%"
"2024- 12- 19","1,444.52","1,454.68","1,454.90","1,442.69","","-0.56%"
"2024- 12- 18","1,452.70","1,439.24","1,456.84","1,434.27","","1.07%"
"2024- 12- 17","1,437.39","1,437.77","1,440.88","1,433.67","","0.04%"
"2024- 12- 16","1,436.81","1,433.10","1,440.47","1,428.10","","0.19%"
"2024- 12- 13","1,434.03","1,431.08","1,437.41","1,429.88","","0.23%"
"2024- 12- 12","1,430.67","1,429.81","1,435.36","1,427.68","","0.20%"
"2024- 12- 11","1,427.81","1,435.30","1,437.53","1,427.72","","-0.45%"
"2024- 12- 10","1,434.30","1,430.40","1,436.77","1,425.44","","0.41%"
"2024- 12- 09","1,428.40","1,424.95","1,439.36","1,424.64","","0.30%"
"2024- 12- 06","1,424.14","1,415.22","1,429.82","1,413.98","","0.77%"
"2024- 12- 05","1,413.28","1,413.19","1,419.83","1,411.21","","0.15%"
"2024- 12- 04","1,411.13","1,416.62","1,419.58","1,406.44","","-0.24%"
"2024- 12- 03","1,414.47","1,405.46","1,444.24","1,399.38","","0.75%"
"2024- 12- 02","1,403.96","1,395.95","1,408.05","1,395.52","","0.67%"
"2024- 11- 29","1,394.67","1,395.58","1,399.26","1,390.03","","0.07%"
"2024- 11- 28","1,393.73","1,392.04","1,398.02","1,389.98","","0.37%"
"2024- 11- 27","1,388.58","1,397.32","1,399.89","1,389.57","","-0.55%"
"2024- 11- 26","1,396.24","1,399.58","1,408.65","1,394.06","","-0.13%"
"2024- 11- 25","1,398.06","1,402.10","1,404.77","1,396.20","","-0.31%"
"2024- 11- 22","1,402.40","1,400.59","1,408.73","1,398.58","","0.23%"
"2024- 11- 21","1,399.15","1,400.02","1,402.90","1,395.02","","0.08%"
"2024- 11- 20","1,398.02","1,393.51","1,401.81","1,388.29","","0.41%"
"2024- 11- 19","1,392.32","1,391.96","1,397.39","1,388.58","","0.13%"
"2024- 11- 18","1,390.50","1,395.95","1,401.10","1,387.50","","-0.23%"
"2024- 11- 15","1,393.68","1,405.43","1,410.33","1,393.10","","-0.79%"
"2024- 11- 14","1,404.75","1,405.42","1,411.95","1,399.11","","0.05%"
"2024- 11- 13","1,404.09","1,408.00","1,411.59","1,395.68","","-0.12%"
"2024- 11- 12","1,405.80","1,400.89","1,410.34","1,398.24","","0.48%"
"2024- 11- 11","1,399.08","1,398.05","1,402.96","1,392.14","","0.20%"
"2024- 11- 08","1,396.23","1,383.06","1,400.73","1,381.87","","1.18%"
"2024- 11- 07","1,379.89","1,402.01","1,404.95","1,381.05","","-1.46%"
"2024- 11- 06","1,400.36","1,379.18","1,404.96","1,374.51","","1.71%"
"2024- 11- 05","1,376.88","1,374.44","1,382.00","1,373.46","","0.31%"
"2024- 11- 04","1,372.60","1,377.60","1,380.34","1,368.58","","-0.43%"
"2024- 11- 01","1,378.48","1,373.79","1,381.41","1,372.28","","0.43%"
"2024- 10- 31","1,372.58","1,379.51","1,382.41","1,372.95","","-0.41%"
"2024- 10- 30","1,378.27","1,384.30","1,386.20","1,374.08","","-0.36%"
"2024- 10- 29","1,383.24","1,382.82","1,390.45","1,378.15","","0.08%"
"2024- 10- 28","1,382.09","1,389.95","1,390.80","1,381.82","","-0.42%"
"2024- 10- 25","1,387.95","1,379.41","1,394.18","1,376.53","","0.68%"
"2024- 10- 24","1,378.55","1,380.56","1,383.81","1,377.41","","-0.10%"
"2024- 10- 23","1,379.93","1,379.86","1,386.31","1,377.51","","0.12%"
"2024- 10- 22","1,378.27","1,379.77","1,383.30","1,376.57","","-0.05%"
"2024- 10- 21","1,379.02","1,369.77","1,382.14","1,366.35","","0.78%"
"2024- 10- 18","1,368.37","1,371.21","1,374.54","1,367.71","","-0.11%"
"2024- 10- 17","1,369.84","1,364.42","1,374.01","1,361.94","","0.45%"
"2024- 10- 16","1,363.70","1,364.05","1,367.74","1,359.44","","0.00%"
"2024- 10- 15","1,363.65","1,358.40","1,367.38","1,355.35","","0.54%"
"2024- 10- 14","1,356.26","1,349.32","1,361.57","1,349.31","","0.58%"
"2024- 10- 11","1,348.41","1,350.74","1,353.63","1,345.06","","-0.05%"
"2024- 10- 10","1,349.15","1,347.47","1,355.98","1,344.46","","0.26%"
"2024- 10- 09","1,345.70","1,341.26","1,348.90","1,338.81","","0.48%"
"2024- 10- 08","1,339.28","1,345.88","1,351.83","1,340.61","","-0.44%"
"2024- 10- 07","1,345.15","1,346.87","1,350.65","1,342.79","","-0.09%"
"2024- 10- 04","1,346.41","1,335.14","1,351.96","1,330.91","","0.99%"
"2024- 10- 03","1,333.21","1,325.07","1,338.27","1,322.68","","0.71%"
"2024- 10- 02","1,323.82","1,324.79","1,326.07","1,317.27","","0.00%"
"2024- 10- 01","1,323.77","1,317.55","1,326.00","1,315.57","","0.51%"
"2024- 09- 30","1,317.01","1,310.00","1,319.24","1,302.94","","0.67%"
"2024- 09- 27","1,308.30","1,313.70","1,323.47","1,306.49","","-0.34%"
"2024- 09- 26","1,312.72","1,335.54","1,336.89","1,312.92","","-1.56%"
"2024- 09- 25","1,333.54","1,325.94","1,338.98","1,323.31","","0.63%"
"2024- 09- 24","1,325.18","1,334.06","1,338.53","1,325.13","","-0.63%"
"2024- 09- 23","1,333.62","1,332.50","1,340.43","1,331.93","","0.15%"
"2024- 09- 20","1,331.64","1,328.69","1,338.20","1,326.77","","0.36%"
"2024- 09- 19","1,326.86","1,322.96","1,337.33","1,324.43","","0.59%"
"2024- 09- 18","1,319.09","1,321.56","1,328.02","1,316.78","","0.04%"
"2024- 09- 17","1,318.60","1,320.85","1,321.85","1,315.45","","-0.14%"
"2024- 09- 16","1,320.45","1,330.03","1,331.01","1,317.08","","-0.58%"
"2024- 09- 13","1,328.21","1,337.32","1,338.56","1,324.89","","-0.55%"
"2024- 09- 12","1,335.56","1,339.79","1,343.97","1,336.01","","-0.26%"
"2024- 09- 11","1,338.99","1,344.30","1,345.51","1,336.63","","-0.31%"
"2024- 09- 10","1,343.21","1,342.82","1,346.37","1,339.80","","0.12%"
"2024- 09- 09","1,341.66","1,338.77","1,348.53","1,337.15","","0.33%"
"2024- 09- 06","1,337.26","1,333.61","1,340.54","1,325.40","","0.32%"
"2024- 09- 05","1,333.04","1,335.16","1,339.10","1,331.38","","-0.02%"
"2024- 09- 04","1,333.34","1,341.01","1,344.96","1,333.36","","-0.44%"
"2024- 09- 03","1,339.29","1,338.25","1,345.08","1,335.81","","0.14%"
"2024- 09- 02","1,337.48","1,337.57","1,341.69","1,336.04","","0.07%"
"2024- 08- 30","1,336.56","1,334.33","1,339.07","1,331.84","","0.25%"
"2024- 08- 29","1,333.24","1,337.49","1,339.28","1,327.28","","-0.21%"
"2024- 08- 28","1,335.98","1,327.33","1,339.99","1,326.77","","0.77%"
"2024- 08- 27","1,325.77","1,328.65","1,335.54","1,326.50","","-0.13%"
"2024- 08- 26","1,327.48","1,324.78","1,329.95","1,317.81","","0.31%"
"2024- 08- 23","1,323.43","1,342.70","1,344.07","1,323.35","","-1.33%"
"2024- 08- 22","1,341.29","1,334.28","1,344.31","1,331.39","","0.64%"
"2024- 08- 21","1,332.76","1,329.29","1,340.50","1,326.22","","0.39%"
"2024- 08- 20","1,327.54","1,332.35","1,337.10","1,324.32","","-0.31%"
"2024- 08- 19","1,331.64","1,350.04","1,350.95","1,329.79","","-1.29%"
"2024- 08- 16","1,349.11","1,365.17","1,366.50","1,349.15","","-1.11%"
"2024- 08- 15","1,364.22","1,358.30","1,367.07","1,354.51","","0.61%"
"2024- 08- 14","1,356.00","1,362.94","1,365.31","1,353.29","","-0.40%"
"2024- 08- 13","1,361.41","1,370.33","1,373.90","1,361.94","","-0.55%"
"2024- 08- 12","1,368.88","1,365.19","1,373.94","1,363.11","","0.34%"
"2024- 08- 09","1,364.19","1,374.06","1,378.06","1,360.68","","-0.67%"
"2024- 08- 08","1,373.43","1,376.15","1,380.26","1,373.70","","-0.08%"
"2024- 08- 07","1,374.47","1,375.65","1,379.61","1,372.67","","0.00%"
"2024- 08- 06","1,374.52","1,368.14","1,380.49","1,365.78","","0.59%"
"2024- 08- 05","1,366.40","1,358.14","1,374.40","1,354.48","","0.72%"
"2024- 08- 02","1,356.63","1,370.39","1,378.80","1,357.31","","-0.91%"
"2024- 08- 01","1,369.08","1,369.18","1,371.65","1,360.93","","0.00%"
"2024- 07- 31","1,369.08","1,384.32","1,386.72","1,366.79","","-0.99%"
"2024- 07- 30","1,382.81","1,381.84","1,387.04","1,379.39","","0.16%"
"2024- 07- 29","1,380.57","1,384.82","1,387.39","1,379.69","","-0.23%"
"2024- 07- 26","1,383.72","1,383.73","1,388.53","1,381.10","","0.11%"
"2024- 07- 25","1,382.22","1,383.75","1,388.93","1,379.20","","0.00%"
"2024- 07- 24","1,382.17","1,386.05","1,388.90","1,378.76","","-0.17%"
"2024- 07- 23","1,384.59","1,387.99","1,389.08","1,382.04","","-0.17%"
"2024- 07- 22","1,386.99","1,389.83","1,391.10","1,386.60","","-0.13%"
"2024- 07- 19","1,388.79","1,386.01","1,392.11","1,383.65","","0.31%"
"2024- 07- 18","1,384.48","1,379.67","1,387.05","1,375.78","","0.43%"
"2024- 07- 17","1,378.51","1,383.84","1,384.95","1,375.45","","-0.31%"
"2024- 07- 16","1,382.77","1,385.31","1,387.97","1,381.60","","-0.10%"
"2024- 07- 15","1,384.17","1,375.13","1,386.17","1,374.38","","0.76%"
"2024- 07- 12","1,373.67","1,372.30","1,380.27","1,369.54","","0.20%"
"2024- 07- 11","1,370.96","1,383.94","1,384.84","1,369.82","","-0.86%"
"2024- 07- 10","1,382.81","1,383.86","1,388.38","1,382.08","","-0.01%"
"2024- 07- 09","1,382.92","1,384.18","1,387.24","1,380.66","","-0.03%"
"2024- 07- 08","1,383.27","1,377.51","1,386.00","1,376.45","","0.49%"
"2024- 07- 05","1,376.57","1,380.32","1,384.33","1,376.14","","-0.26%"
"2024- 07- 04","1,380.22","1,387.59","1,388.07","1,379.28","","-0.47%"
"2024- 07- 03","1,386.80","1,386.73","1,392.65","1,381.54","","0.06%"
"2024- 07- 02","1,386.03","1,383.53","1,390.82","1,381.87","","0.26%"
"2024- 07- 01","1,382.50","1,381.28","1,385.57","1,377.29","","0.13%"
"2024- 06- 28","1,380.73","1,387.71","1,390.18","1,374.64","","-0.41%"
"2024- 06- 27","1,386.35","1,394.31","1,395.77","1,383.49","","-0.47%"
"2024- 06- 26","1,392.90","1,391.58","1,395.25","1,387.66","","0.18%"
"2024- 06- 25","1,390.44","1,386.79","1,392.64","1,383.85","","0.29%"
"2024- 06- 24","1,386.37","1,388.95","1,393.22","1,384.48","","-0.05%"
"2024- 06- 21","1,387.01","1,392.64","1,393.94","1,385.92","","-0.35%"
"2024- 06- 20","1,391.93","1,382.45","1,393.56","1,380.03","","0.79%"
"2024- 06- 19","1,380.97","1,379.74","1,384.01","1,377.44","","0.17%"
"2024- 06- 18","1,378.64","1,379.94","1,385.97","1,377.63","","0.01%"
"2024- 06- 17","1,378.46","1,383.31","1,384.41","1,377.81","","-0.24%"
"2024- 06- 14","1,381.84","1,376.47","1,387.43","1,374.67","","0.47%"
"2024- 06- 13","1,375.35","1,371.08","1,378.97","1,365.58","","0.40%"
"2024- 06- 12","1,369.84","1,378.70","1,381.26","1,363.59","","-0.56%"
"2024- 06- 11","1,377.50","1,374.81","1,381.39","1,374.55","","0.28%"
"2024- 06- 10","1,373.60","1,380.06","1,383.31","1,373.80","","-0.38%"
"2024- 06- 07","1,378.80","1,364.61","1,380.67","1,363.15","","1.11%"
"2024- 06- 06","1,363.71","1,369.85","1,370.90","1,364.00","","-0.35%"
"2024- 06- 05","1,368.48","1,374.42","1,378.06","1,367.26","","-0.32%"
"2024- 06- 04","1,372.93","1,371.70","1,379.18","1,368.91","","0.19%"
"2024- 06- 03","1,370.36","1,383.10","1,383.80","1,371.17","","-0.82%"
"2024- 05- 31","1,381.68","1,376.30","1,388.65","1,373.97","","0.50%"
"2024- 05- 30","1,374.74","1,371.46","1,382.32","1,369.08","","0.34%"
"2024- 05- 29","1,370.08","1,363.87","1,372.04","1,361.14","","0.56%"
"2024- 05- 28","1,362.42","1,361.69","1,364.63","1,355.27","","0.18%"
"2024- 05- 27","1,359.93","1,367.01","1,368.68","1,360.82","","-0.44%"
"2024- 05- 24","1,365.93","1,368.70","1,373.42","1,364.73","","-0.10%"
"2024- 05- 23","1,367.34","1,366.68","1,369.63","1,360.01","","0.19%"
"2024- 05- 22","1,364.73","1,364.41","1,368.56","1,359.92","","0.13%"
"2024- 05- 21","1,363.00","1,361.45","1,368.80","1,358.88","","0.22%"
"2024- 05- 20","1,359.97","1,353.81","1,362.76","1,353.45","","0.61%"
"2024- 05- 17","1,351.76","1,349.77","1,360.02","1,347.20","","0.24%"
"2024- 05- 16","1,348.49","1,353.47","1,354.74","1,342.88","","-0.33%"
"2024- 05- 15","1,352.96","1,365.48","1,367.01","1,352.34","","-0.87%"
"2024- 05- 14","1,364.79","1,366.86","1,372.06","1,363.61","","-0.10%"
"2024- 05- 13","1,366.11","1,371.11","1,373.20","1,365.15","","-0.26%"
"2024- 05- 10","1,369.65","1,366.08","1,371.99","1,363.67","","0.33%"
"2024- 05- 09","1,365.09","1,365.10","1,373.55","1,363.16","","0.05%"
"2024- 05- 08","1,364.39","1,359.44","1,368.39","1,357.14","","0.41%"
"2024- 05- 07","1,358.79","1,355.50","1,361.56","1,353.18","","0.29%"
"2024- 05- 06","1,354.91","1,357.23","1,361.34","1,353.15","","0.02%"
"2024- 05- 03","1,354.63","1,367.94","1,372.75","1,347.30","","-0.89%"
"2024- 05- 02","1,366.75","1,378.49","1,383.61","1,366.58","","-0.76%"
"2024- 05- 01","1,377.25","1,386.03","1,388.21","1,378.72","","-0.59%"
"2024- 04- 30","1,385.38","1,375.40","1,386.96","1,373.21","","0.78%"
"2024- 04- 29","1,374.67","1,378.10","1,384.45","1,373.20","","-0.13%"
"2024- 04- 26","1,376.43","1,372.16","1,379.40","1,370.20","","0.37%"
"2024- 04- 25","1,371.41","1,377.80","1,379.92","1,371.64","","-0.41%"
"2024- 04- 24","1,377.03","1,373.83","1,378.61","1,366.99","","0.29%"
"2024- 04- 23","1,373.05","1,379.33","1,380.22","1,371.42","","-0.41%"
"2024- 04- 22","1,378.73","1,375.50","1,384.05","1,374.51","","0.32%"
"2024- 04- 19","1,374.30","1,380.52","1,393.66","1,374.78","","-0.37%"
"2024- 04- 18","1,379.41","1,380.14","1,383.42","1,371.14","","0.04%"
"2024- 04- 17","1,378.86","1,389.95","1,392.28","1,379.46","","-0.77%"
"2024- 04- 16","1,389.50","1,388.05","1,400.82","1,387.30","","0.19%"
"2024- 04- 15","1,386.91","1,380.60","1,391.31","1,380.15","","0.52%"
"2024- 04- 12","1,379.69","1,368.48","1,386.56","1,366.39","","0.93%"
"2024- 04- 11","1,367.01","1,364.03","1,371.34","1,361.48","","0.26%"
"2024- 04- 10","1,363.43","1,352.42","1,366.60","1,346.32","","0.92%"
"2024- 04- 09","1,351.03","1,354.85","1,357.17","1,350.41","","-0.20%"
"2024- 04- 08","1,353.78","1,351.27","1,357.27","1,350.95","","0.21%"
"2024- 04- 05","1,350.91","1,351.65","1,356.30","1,348.42","","-0.01%"
"2024- 04- 04","1,351.08","1,345.47","1,352.00","1,343.04","","0.47%"
"2024- 04- 03","1,344.74","1,351.92","1,353.57","1,345.10","","-0.50%"
"2024- 04- 02","1,351.45","1,353.68","1,356.25","1,347.67","","-0.14%"
"2024- 04- 01","1,353.34","1,346.33","1,356.21","1,342.80","","0.61%"
"2024- 03- 29","1,345.09","1,350.70","1,350.78","1,343.53","","-0.33%"
"2024- 03- 28","1,349.48","1,350.55","1,353.34","1,342.64","","-0.03%"
"2024- 03- 27","1,349.82","1,344.10","1,353.61","1,341.46","","0.52%"
"2024- 03- 26","1,342.89","1,339.64","1,345.18","1,334.26","","0.30%"
"2024- 03- 25","1,338.84","1,344.10","1,344.82","1,334.68","","-0.34%"
"2024- 03- 22","1,343.43","1,335.41","1,347.58","1,329.70","","0.70%"
"2024- 03- 21","1,334.07","1,330.69","1,336.56","1,321.80","","0.37%"
"2024- 03- 20","1,329.18","1,337.48","1,342.22","1,330.34","","-0.60%"
"2024- 03- 19","1,337.24","1,337.01","1,341.56","1,335.99","","0.08%"
"2024- 03- 18","1,336.21","1,331.10","1,338.12","1,330.21","","0.42%"
"2024- 03- 15","1,330.63","1,324.70","1,333.46","1,322.48","","0.54%"
"2024- 03- 14","1,323.43","1,314.05","1,325.79","1,311.70","","0.73%"
"2024- 03- 13","1,313.79","1,312.48","1,319.74","1,309.34","","0.16%"
"2024- 03- 12","1,311.68","1,311.53","1,314.32","1,307.57","","0.07%"
"2024- 03- 11","1,310.74","1,316.95","1,318.85","1,307.02","","-0.40%"
"2024- 03- 08","1,316.00","1,324.20","1,327.08","1,311.83","","-0.54%"
"2024- 03- 07","1,323.09","1,330.12","1,332.93","1,323.48","","-0.45%"
"2024- 03- 06","1,329.03","1,336.58","1,337.78","1,329.19","","-0.48%"
"2024- 03- 05","1,335.40","1,332.05","1,337.72","1,330.36","","0.34%"
"2024- 03- 04","1,330.89","1,331.10","1,333.42","1,327.94","","0.03%"
"2024- 03- 01","1,330.52","1,335.81","1,337.25","1,331.36","","-0.32%"
"2024- 02- 29","1,334.78","1,335.90","1,337.58","1,330.81","","0.05%"
"2024- 02- 28","1,334.05","1,332.32","1,338.16","1,330.53","","0.15%"
"2024- 02- 27","1,332.05","1,332.37","1,333.69","1,329.55","","0.01%"
"2024- 02- 26","1,331.90","1,330.10","1,333.36","1,328.17","","0.15%"
"2024- 02- 23","1,329.95","1,327.51","1,334.31","1,326.77","","0.20%"
"2024- 02- 22","1,327.25","1,333.35","1,335.04","1,324.19","","-0.43%"
"2024- 02- 21","1,333.04","1,334.11","1,337.89","1,331.86","","-0.06%"
"2024- 02- 20","1,333.79","1,334.89","1,339.52","1,331.76","","0.01%"
"2024- 02- 19","1,333.72","1,332.95","1,336.56","1,330.65","","0.18%"
"2024- 02- 16","1,331.29","1,329.52","1,337.42","1,328.49","","0.21%"
"2024- 02- 15","1,328.55","1,332.10","1,335.29","1,328.45","","-0.10%"
"2024- 02- 14","1,329.91","1,341.21","1,341.60","1,330.00","","-0.81%"
"2024- 02- 13","1,340.73","1,329.30","1,343.97","1,326.73","","0.91%"
"2024- 02- 12","1,328.66","1,331.63","1,332.86","1,327.99","","-0.11%"
"2024- 02- 09","1,330.07","1,332.56","1,334.16","1,329.77","","-0.09%"
"2024- 02- 08","1,331.29","1,328.69","1,333.98","1,325.03","","0.23%"
"2024- 02- 07","1,328.29","1,327.27","1,330.29","1,322.28","","0.11%"
"2024- 02- 06","1,326.87","1,333.94","1,334.97","1,325.20","","-0.47%"
"2024- 02- 05","1,333.13","1,337.50","1,339.52","1,330.31","","-0.35%"
"2024- 02- 02","1,337.76","1,329.74","1,339.63","1,320.36","","0.66%"
"2024- 02- 01","1,328.95","1,334.46","1,336.29","1,328.90","","-0.35%"
"2024- 01- 31","1,333.59","1,331.10","1,336.99","1,327.61","","0.38%"
"2024- 01- 30","1,328.53","1,333.61","1,334.04","1,326.66","","-0.33%"
"2024- 01- 29","1,332.96","1,337.95","1,339.22","1,331.47","","-0.28%"
"2024- 01- 26","1,336.75","1,337.31","1,339.75","1,332.81","","0.04%"
"2024- 01- 25","1,336.27","1,333.41","1,338.72","1,332.47","","0.32%"
"2024- 01- 24","1,331.98","1,339.10","1,341.42","1,328.61","","-0.43%"
"2024- 01- 23","1,337.74","1,339.55","1,341.94","1,331.38","","-0.10%"
"2024- 01- 22","1,339.05","1,333.75","1,341.51","1,330.42","","0.40%"
"2024- 01- 19","1,333.66","1,339.75","1,339.99","1,332.10","","-0.36%"
"2024- 01- 18","1,338.43","1,345.40","1,346.99","1,335.65","","-0.41%"
"2024- 01- 17","1,343.95","1,339.01","1,350.61","1,337.03","","0.43%"
"2024- 01- 16","1,338.13","1,320.58","1,340.71","1,320.21","","1.39%"
"2024- 01- 15","1,319.82","1,313.95","1,323.11","1,313.52","","0.50%"
"2024- 01- 12","1,313.22","1,314.60","1,317.70","1,307.29","","-0.05%"
"2024- 01- 11","1,313.86","1,319.37","1,321.04","1,312.38","","-0.38%"
"2024- 01- 10","1,318.93","1,320.59","1,323.54","1,316.49","","-0.09%"
"2024- 01- 09","1,320.08","1,312.17","1,321.93","1,308.82","","0.63%"
"2024- 01- 08","1,311.77","1,315.10","1,321.50","1,311.63","","-0.18%"
"2024- 01- 05","1,314.16","1,314.54","1,322.77","1,307.19","","0.08%"
"2024- 01- 04","1,313.08","1,310.41","1,315.81","1,305.68","","0.27%"
"2024- 01- 03","1,309.50","1,310.95","1,313.59","1,304.49","","-0.14%"
"2024- 01- 02","1,311.32","1,293.30","1,314.93","1,290.95","","1.37%"
"2024- 01- 01","1,293.54","1,294.80","1,294.80","1,294.54","","-0.07%"
"2023- 12- 29","1,294.40","1,289.80","1,302.03","1,283.82","","0.40%"
"2023- 12- 28","1,289.23","1,294.88","1,295.64","1,285.13","","-0.27%"
"2023- 12- 27","1,292.78","1,294.95","1,296.46","1,291.72","","-0.09%"
"2023- 12- 26","1,293.99","1,296.39","1,300.15","1,291.82","","-0.11%"
"2023- 12- 25","1,295.43","1,298.72","1,299.45","1,296.12","","-0.14%"
"2023- 12- 22","1,297.25","1,296.95","1,303.93","1,295.80","","0.18%"
"2023- 12- 21","1,294.86","1,303.31","1,307.87","1,295.91","","-0.63%"
"2023- 12- 20","1,303.08","1,300.84","1,305.17","1,297.06","","0.22%"
"2023- 12- 19","1,300.21","1,303.94","1,310.57","1,299.72","","-0.21%"
"2023- 12- 18","1,302.89","1,302.10","1,305.36","1,296.26","","0.19%"
"2023- 12- 15","1,300.40","1,289.95","1,304.79","1,287.97","","0.91%"
"2023- 12- 14","1,288.65","1,305.96","1,306.64","1,288.31","","-0.48%"
"2023- 12- 13","1,294.83","1,312.48","1,321.32","1,294.40","","-1.23%"
"2023- 12- 12","1,310.90","1,316.73","1,319.28","1,307.05","","-0.41%"
"2023- 12- 11","1,316.25","1,316.10","1,321.52","1,314.34","","-0.01%"
"2023- 12- 08","1,316.41","1,314.09","1,320.44","1,304.33","","0.26%"
"2023- 12- 07","1,313.00","1,315.44","1,327.93","1,311.69","","-0.24%"
"2023- 12- 06","1,316.15","1,313.69","1,318.18","1,309.91","","0.20%"
"2023- 12- 05","1,313.58","1,310.67","1,318.74","1,307.89","","0.29%"
"2023- 12- 04","1,309.75","1,293.95","1,313.30","1,293.73","","1.26%"
"2023- 12- 01","1,293.40","1,300.91","1,308.78","1,293.97","","-0.46%"
"2023- 11- 30","1,299.35","1,290.66","1,301.61","1,286.42","","0.63%"
"2023- 11- 29","1,291.17","1,288.35","1,294.47","1,285.14","","0.30%"
"2023- 11- 28","1,287.25","1,298.41","1,298.91","1,285.70","","-0.75%"
"2023- 11- 27","1,296.95","1,301.95","1,308.60","1,297.65","","-0.46%"
"2023- 11- 24","1,302.97","1,301.22","1,308.83","1,296.65","","0.21%"
"2023- 11- 23","1,300.20","1,300.78","1,303.52","1,295.47","","-0.05%"
"2023- 11- 22","1,300.90","1,296.03","1,306.03","1,290.80","","0.49%"
"2023- 11- 21","1,294.52","1,288.51","1,296.63","1,283.53","","0.59%"
"2023- 11- 20","1,286.92","1,295.75","1,299.96","1,285.60","","-0.57%"
"2023- 11- 17","1,294.35","1,292.84","1,301.06","1,289.45","","0.16%"
"2023- 11- 16","1,292.34","1,305.11","1,310.16","1,287.60","","-0.94%"
"2023- 11- 15","1,304.61","1,305.10","1,308.53","1,296.81","","0.00%"
"2023- 11- 14","1,304.65","1,319.47","1,330.45","1,302.83","","-1.10%"
"2023- 11- 13","1,319.11","1,318.10","1,326.35","1,317.25","","0.20%"
"2023- 11- 10","1,316.51","1,318.27","1,321.94","1,314.06","","-0.04%"
"2023- 11- 09","1,317.04","1,309.11","1,318.70","1,302.31","","0.71%"
"2023- 11- 08","1,307.71","1,304.95","1,315.23","1,298.44","","0.25%"
"2023- 11- 07","1,304.49","1,299.31","1,313.16","1,298.60","","0.48%"
"2023- 11- 06","1,298.29","1,307.95","1,312.90","1,291.77","","-0.76%"
"2023- 11- 03","1,308.23","1,334.33","1,336.92","1,304.21","","-1.90%"
"2023- 11- 02","1,333.59","1,348.82","1,349.38","1,328.52","","-1.05%"
"2023- 11- 01","1,347.79","1,353.15","1,359.76","1,348.12","","-0.32%"
"2023- 10- 31","1,352.15","1,346.49","1,356.01","1,345.26","","0.48%"
"2023- 10- 30","1,345.63","1,357.05","1,357.45","1,345.52","","-0.68%"
"2023- 10- 27","1,354.91","1,353.57","1,358.34","1,347.76","","0.16%"
"2023- 10- 26","1,352.69","1,352.90","1,360.72","1,351.70","","0.02%"
"2023- 10- 25","1,352.44","1,344.34","1,354.15","1,343.22","","0.64%"
"2023- 10- 24","1,343.88","1,343.69","1,347.76","1,340.23","","0.13%"
"2023- 10- 23","1,342.12","1,350.34","1,355.31","1,342.70","","-0.52%"
"2023- 10- 20","1,349.08","1,357.11","1,359.78","1,349.18","","-0.51%"
"2023- 10- 19","1,356.02","1,355.48","1,360.86","1,352.65","","0.16%"
"2023- 10- 18","1,353.86","1,353.55","1,358.31","1,347.54","","0.07%"
"2023- 10- 17","1,352.98","1,348.25","1,357.92","1,347.13","","0.38%"
"2023- 10- 16","1,347.91","1,353.08","1,356.62","1,347.69","","-0.32%"
"2023- 10- 13","1,352.21","1,349.40","1,353.95","1,347.19","","0.24%"
"2023- 10- 12","1,348.96","1,339.54","1,351.63","1,335.28","","0.79%"
"2023- 10- 11","1,338.42","1,342.62","1,343.91","1,337.07","","-0.22%"
"2023- 10- 10","1,341.33","1,347.67","1,352.16","1,341.92","","-0.38%"
"2023- 10- 09","1,346.51","1,344.51","1,354.99","1,344.17","","0.14%"
"2023- 10- 06","1,344.61","1,346.34","1,357.10","1,342.78","","-0.08%"
"2023- 10- 05","1,345.72","1,352.55","1,354.43","1,344.94","","-0.44%"
"2023- 10- 04","1,351.62","1,362.05","1,364.12","1,350.01","","-0.70%"
"2023- 10- 03","1,361.08","1,357.14","1,363.75","1,354.97","","0.39%"
"2023- 10- 02","1,355.84","1,352.65","1,359.72","1,349.20","","0.26%"
"2023- 09- 29","1,352.31","1,350.56","1,353.68","1,341.73","","0.20%"
"2023- 09- 28","1,349.56","1,355.47","1,357.75","1,347.39","","-0.37%"
"2023- 09- 27","1,354.54","1,354.10","1,360.16","1,347.32","","0.12%"
"2023- 09- 26","1,352.93","1,339.69","1,354.97","1,337.31","","1.12%"
"2023- 09- 25","1,338.01","1,335.56","1,341.47","1,330.14","","0.30%"
"2023- 09- 22","1,334.03","1,339.57","1,341.81","1,330.74","","-0.37%"
"2023- 09- 21","1,339.00","1,333.44","1,344.65","1,331.67","","0.46%"
"2023- 09- 20","1,332.92","1,328.99","1,335.94","1,323.63","","0.32%"
"2023- 09- 19","1,328.62","1,324.05","1,329.47","1,319.43","","0.38%"
"2023- 09- 18","1,323.57","1,329.42","1,330.06","1,322.69","","-0.37%"
"2023- 09- 15","1,328.46","1,330.02","1,330.83","1,324.49","","-0.08%"
"2023- 09- 14","1,329.52","1,328.20","1,331.11","1,323.11","","0.22%"
"2023- 09- 13","1,326.59","1,326.72","1,332.05","1,323.66","","0.03%"
"2023- 09- 12","1,326.15","1,326.05","1,329.44","1,323.05","","0.05%"
"2023- 09- 11","1,325.49","1,336.34","1,336.44","1,325.18","","-0.71%"
"2023- 09- 08","1,334.96","1,334.78","1,337.75","1,331.49","","0.11%"
"2023- 09- 07","1,333.45","1,334.53","1,339.07","1,330.48","","-0.01%"
"2023- 09- 06","1,333.58","1,329.95","1,337.99","1,328.42","","0.34%"
"2023- 09- 05","1,329.05","1,318.41","1,335.68","1,316.81","","0.90%"
"2023- 09- 04","1,317.21","1,318.45","1,322.00","1,315.59","","-0.03%"
"2023- 09- 01","1,317.55","1,325.46","1,326.37","1,311.88","","-0.57%"
"2023- 08- 31","1,325.14","1,323.79","1,326.86","1,320.00","","0.12%"
"2023- 08- 30","1,323.49","1,318.60","1,326.22","1,318.53","","0.41%"
"2023- 08- 29","1,318.06","1,324.21","1,329.14","1,318.13","","-0.43%"
"2023- 08- 28","1,323.81","1,324.57","1,327.77","1,319.10","","0.02%"
"2023- 08- 25","1,323.53","1,328.34","1,330.61","1,319.82","","-0.29%"
"2023- 08- 24","1,327.35","1,327.92","1,330.24","1,317.88","","0.07%"
"2023- 08- 23","1,326.42","1,340.81","1,342.31","1,326.69","","-1.00%"
"2023- 08- 22","1,339.81","1,340.04","1,342.58","1,334.09","","0.05%"
"2023- 08- 21","1,339.15","1,340.17","1,344.83","1,338.05","","0.00%"
"2023- 08- 18","1,339.17","1,339.76","1,344.81","1,332.44","","-0.01%"
"2023- 08- 17","1,339.27","1,341.94","1,344.35","1,334.99","","-0.15%"
"2023- 08- 16","1,341.22","1,336.87","1,345.77","1,334.01","","0.36%"
"2023- 08- 15","1,336.42","1,337.94","1,340.47","1,332.55","","-0.03%"
"2023- 08- 14","1,336.80","1,330.60","1,339.72","1,327.69","","0.49%"
"2023- 08- 11","1,330.30","1,318.14","1,333.92","1,316.17","","1.02%"
"2023- 08- 10","1,316.90","1,313.10","1,319.91","1,308.18","","0.29%"
"2023- 08- 09","1,313.08","1,317.02","1,322.29","1,309.70","","-0.28%"
"2023- 08- 08","1,316.72","1,307.93","1,322.69","1,305.20","","0.72%"
"2023- 08- 07","1,307.30","1,304.29","1,309.06","1,298.80","","0.25%"
"2023- 08- 04","1,304.08","1,299.93","1,312.38","1,296.82","","0.39%"
"2023- 08- 03","1,299.01","1,299.47","1,304.23","1,294.55","","0.01%"
"2023- 08- 02","1,298.93","1,289.40","1,303.09","1,286.94","","0.77%"
"2023- 08- 01","1,289.00","1,278.28","1,291.10","1,274.88","","0.87%"
"2023- 07- 31","1,277.86","1,273.33","1,279.42","1,269.82","","0.40%"
"2023- 07- 28","1,272.83","1,284.17","1,284.89","1,273.28","","-0.85%"
"2023- 07- 27","1,283.78","1,271.42","1,284.94","1,266.98","","1.02%"
"2023- 07- 26","1,270.80","1,276.58","1,282.78","1,268.14","","-0.42%"
"2023- 07- 25","1,276.18","1,280.88","1,285.61","1,273.79","","-0.33%"
"2023- 07- 24","1,280.45","1,286.65","1,288.98","1,277.03","","-0.45%"
"2023- 07- 21","1,286.19","1,277.13","1,290.69","1,275.92","","0.76%"
"2023- 07- 20","1,276.53","1,267.94","1,280.30","1,261.56","","0.76%"
"2023- 07- 19","1,266.94","1,265.31","1,269.46","1,261.67","","0.16%"
"2023- 07- 18","1,264.95","1,263.72","1,267.55","1,256.71","","0.14%"
"2023- 07- 17","1,263.17","1,269.32","1,271.08","1,263.31","","-0.41%"
"2023- 07- 14","1,268.31","1,267.16","1,271.49","1,259.82","","0.12%"
"2023- 07- 13","1,266.73","1,274.80","1,280.03","1,265.92","","-0.61%"
"2023- 07- 12","1,274.49","1,291.87","1,296.08","1,273.70","","-1.31%"
"2023- 07- 11","1,291.47","1,299.80","1,302.00","1,289.94","","-0.61%"
"2023- 07- 10","1,299.40","1,299.10","1,307.90","1,298.25","","0.12%"
"2023- 07- 07","1,297.90","1,309.46","1,310.59","1,295.96","","-0.86%"
"2023- 07- 06","1,309.11","1,304.00","1,314.69","1,299.98","","0.42%"
"2023- 07- 05","1,303.59","1,294.81","1,306.51","1,294.41","","0.71%"
"2023- 07- 04","1,294.35","1,304.66","1,308.34","1,293.04","","-0.76%"
"2023- 07- 03","1,304.20","1,316.97","1,317.31","1,302.69","","-0.83%"
"2023- 06- 30","1,315.11","1,323.18","1,324.54","1,314.57","","-0.54%"
"2023- 06- 29","1,322.21","1,309.31","1,323.57","1,305.18","","1.02%"
"2023- 06- 28","1,308.90","1,299.48","1,313.46","1,297.30","","0.75%"
"2023- 06- 27","1,299.18","1,305.42","1,308.35","1,295.35","","-0.44%"
"2023- 06- 26","1,304.98","1,308.74","1,309.57","1,300.82","","-0.26%"
"2023- 06- 23","1,308.41","1,298.59","1,311.37","1,296.25","","0.79%"
"2023- 06- 22","1,298.18","1,288.74","1,303.21","1,286.10","","0.76%"
"2023- 06- 21","1,288.33","1,288.74","1,296.95","1,285.94","","0.01%"
"2023- 06- 20","1,288.23","1,283.26","1,290.36","1,277.99","","0.47%"
"2023- 06- 19","1,282.26","1,277.24","1,284.54","1,276.40","","0.48%"
"2023- 06- 16","1,276.15","1,270.40","1,280.96","1,268.08","","0.48%"
"2023- 06- 15","1,270.00","1,274.39","1,286.48","1,269.80","","-0.31%"
"2023- 06- 14","1,274.01","1,268.02","1,280.42","1,265.75","","0.50%"
"2023- 06- 13","1,267.70","1,284.86","1,285.88","1,267.07","","-1.31%"
"2023- 06- 12","1,284.54","1,287.69","1,294.65","1,282.80","","-0.22%"
"2023- 06- 09","1,287.32","1,296.59","1,298.65","1,286.58","","-0.63%"
"2023- 06- 08","1,295.47","1,308.66","1,309.30","1,296.15","","-0.98%"
"2023- 06- 07","1,308.26","1,299.61","1,309.44","1,296.23","","0.70%"
"2023- 06- 06","1,299.19","1,301.08","1,304.31","1,295.74","","-0.12%"
"2023- 06- 05","1,300.78","1,306.06","1,311.02","1,300.57","","-0.39%"
"2023- 06- 02","1,305.92","1,313.18","1,314.48","1,298.61","","-0.51%"
"2023- 06- 01","1,312.64","1,322.33","1,325.07","1,312.41","","-0.60%"
"2023- 05- 31","1,320.56","1,320.16","1,328.75","1,315.56","","0.06%"
"2023- 05- 30","1,319.76","1,324.96","1,327.01","1,316.90","","-0.33%"
"2023- 05- 29","1,324.07","1,323.43","1,326.76","1,320.98","","0.11%"
"2023- 05- 26","1,322.66","1,331.20","1,331.93","1,322.72","","-0.64%"
"2023- 05- 25","1,331.19","1,318.77","1,332.06","1,316.49","","0.97%"
"2023- 05- 24","1,318.43","1,320.26","1,322.18","1,314.28","","-0.06%"
"2023- 05- 23","1,319.21","1,314.17","1,322.53","1,307.65","","0.42%"
"2023- 05- 22","1,313.75","1,325.21","1,326.34","1,313.06","","-0.86%"
"2023- 05- 19","1,325.20","1,333.99","1,335.94","1,323.30","","-0.69%"
"2023- 05- 18","1,334.43","1,334.71","1,338.79","1,329.16","","0.01%"
"2023- 05- 17","1,334.23","1,342.78","1,343.91","1,332.44","","-0.60%"
"2023- 05- 16","1,342.35","1,335.79","1,343.63","1,332.91","","0.52%"
"2023- 05- 15","1,335.36","1,342.48","1,342.85","1,333.86","","-0.53%"
"2023- 05- 12","1,342.41","1,331.14","1,343.35","1,329.04","","0.87%"
"2023- 05- 11","1,330.83","1,318.21","1,334.74","1,315.58","","0.99%"
"2023- 05- 10","1,317.76","1,326.33","1,327.13","1,316.50","","-0.62%"
"2023- 05- 09","1,325.92","1,322.71","1,327.36","1,319.61","","0.34%"
"2023- 05- 08","1,321.49","1,317.96","1,326.23","1,317.94","","0.31%"
"2023- 05- 05","1,317.47","1,323.27","1,323.74","1,315.11","","-0.41%"
"2023- 05- 04","1,322.95","1,335.41","1,335.99","1,320.29","","-0.86%"
"2023- 05- 03","1,334.44","1,342.64","1,343.21","1,329.31","","-0.58%"
"2023- 05- 02","1,342.21","1,343.07","1,344.08","1,337.36","","0.00%"
"2023- 05- 01","1,342.18","1,338.17","1,343.95","1,336.43","","0.33%"
"2023- 04- 28","1,337.78","1,339.57","1,342.19","1,336.21","","-0.10%"
"2023- 04- 27","1,339.17","1,338.44","1,346.63","1,336.69","","0.09%"
"2023- 04- 26","1,338.01","1,341.31","1,341.95","1,334.47","","-0.21%"
"2023- 04- 25","1,340.89","1,332.94","1,344.19","1,328.19","","0.63%"
"2023- 04- 24","1,332.51","1,330.38","1,337.64","1,328.48","","0.24%"
"2023- 04- 21","1,329.36","1,324.04","1,333.07","1,321.24","","0.43%"
"2023- 04- 20","1,323.61","1,330.14","1,332.97","1,318.97","","-0.46%"
"2023- 04- 19","1,329.71","1,319.55","1,336.54","1,313.69","","0.80%"
"2023- 04- 18","1,319.13","1,319.51","1,321.44","1,315.72","","0.00%"
"2023- 04- 17","1,319.11","1,304.38","1,322.67","1,303.70","","1.16%"
"2023- 04- 14","1,304.00","1,301.94","1,307.83","1,294.29","","0.22%"
"2023- 04- 13","1,301.14","1,323.07","1,327.66","1,299.31","","-1.62%"
"2023- 04- 12","1,322.63","1,322.45","1,328.49","1,319.39","","0.05%"
"2023- 04- 11","1,322.03","1,320.99","1,324.81","1,316.26","","0.11%"
"2023- 04- 10","1,320.62","1,316.39","1,324.02","1,315.30","","0.33%"
"2023- 04- 07","1,316.30","1,318.99","1,320.22","1,314.53","","-0.17%"
"2023- 04- 06","1,318.50","1,317.36","1,322.65","1,314.65","","0.11%"
"2023- 04- 05","1,317.05","1,310.54","1,318.41","1,308.71","","0.53%"
"2023- 04- 04","1,310.08","1,308.76","1,317.58","1,304.58","","0.11%"
"2023- 04- 03","1,308.58","1,306.47","1,320.92","1,305.70","","0.19%"
"2023- 03- 31","1,306.11","1,296.97","1,308.53","1,288.35","","0.74%"
"2023- 03- 30","1,296.55","1,307.13","1,308.17","1,296.24","","-0.67%"
"2023- 03- 29","1,305.30","1,297.46","1,308.45","1,294.95","","0.64%"
"2023- 03- 28","1,297.04","1,298.35","1,301.38","1,293.24","","-0.07%"
"2023- 03- 27","1,297.92","1,295.24","1,303.91","1,294.14","","0.25%"
"2023- 03- 24","1,294.66","1,286.67","1,307.96","1,283.16","","0.66%"
"2023- 03- 23","1,286.23","1,297.58","1,300.30","1,275.81","","-0.90%"
"2023- 03- 22","1,297.85","1,303.82","1,310.36","1,288.56","","-0.43%"
"2023- 03- 21","1,303.42","1,303.87","1,311.59","1,301.99","","-0.07%"
"2023- 03- 20","1,304.36","1,309.10","1,314.03","1,299.35","","-0.31%"
"2023- 03- 17","1,308.37","1,301.84","1,309.71","1,298.24","","0.58%"
"2023- 03- 16","1,300.85","1,313.38","1,317.07","1,301.30","","-0.93%"
"2023- 03- 15","1,313.04","1,304.94","1,323.29","1,295.90","","0.65%"
"2023- 03- 14","1,304.55","1,296.94","1,314.24","1,296.23","","0.61%"
"2023- 03- 13","1,296.58","1,319.10","1,320.64","1,296.14","","-1.79%"
"2023- 03- 10","1,320.24","1,325.82","1,329.78","1,309.77","","-0.40%"
"2023- 03- 09","1,325.51","1,316.77","1,327.76","1,314.76","","0.69%"
"2023- 03- 08","1,316.38","1,318.31","1,324.56","1,312.56","","-0.14%"
"2023- 03- 07","1,318.29","1,297.85","1,320.19","1,296.60","","1.65%"
"2023- 03- 06","1,296.86","1,294.10","1,301.71","1,293.28","","0.09%"
"2023- 03- 03","1,295.73","1,311.39","1,312.18","1,294.13","","-1.16%"
"2023- 03- 02","1,310.97","1,305.83","1,317.68","1,303.84","","0.43%"
"2023- 03- 01","1,305.41","1,323.44","1,324.52","1,298.59","","-1.33%"
"2023- 02- 28","1,323.02","1,318.40","1,327.21","1,314.42","","0.43%"
"2023- 02- 27","1,317.40","1,314.55","1,325.79","1,311.97","","0.22%"
"2023- 02- 24","1,314.45","1,298.03","1,318.57","1,296.29","","1.28%"
"2023- 02- 23","1,297.89","1,303.05","1,306.55","1,293.32","","-0.37%"
"2023- 02- 22","1,302.65","1,306.16","1,307.57","1,298.52","","-0.24%"
"2023- 02- 21","1,305.75","1,296.42","1,310.20","1,293.26","","0.75%"
"2023- 02- 20","1,296.04","1,297.55","1,299.74","1,292.94","","0.01%"
"2023- 02- 17","1,295.87","1,289.94","1,303.93","1,289.52","","0.49%"
"2023- 02- 16","1,289.51","1,283.97","1,295.56","1,278.79","","0.47%"
"2023- 02- 15","1,283.54","1,272.59","1,289.01","1,272.04","","0.87%"
"2023- 02- 14","1,272.53","1,273.31","1,275.33","1,261.58","","-0.03%"
"2023- 02- 13","1,272.89","1,266.25","1,280.43","1,266.25","","0.43%"
"2023- 02- 10","1,267.45","1,264.87","1,269.71","1,259.44","","0.24%"
"2023- 02- 09","1,264.44","1,260.87","1,266.51","1,254.76","","0.32%"
"2023- 02- 08","1,260.46","1,255.81","1,262.96","1,251.40","","0.38%"
"2023- 02- 07","1,255.68","1,261.47","1,264.61","1,252.26","","-0.36%"
"2023- 02- 06","1,260.25","1,247.35","1,263.96","1,243.92","","1.03%"
"2023- 02- 03","1,247.46","1,225.19","1,250.36","1,224.08","","1.85%"
"2023- 02- 02","1,224.78","1,222.26","1,226.37","1,215.83","","0.20%"
"2023- 02- 01","1,222.28","1,233.72","1,234.22","1,220.35","","-0.89%"
"2023- 01- 31","1,233.30","1,231.88","1,239.12","1,227.83","","0.15%"
"2023- 01- 30","1,231.46","1,230.20","1,232.61","1,226.31","","0.15%"
"2023- 01- 27","1,229.62","1,232.26","1,236.55","1,227.22","","-0.18%"
"2023- 01- 26","1,231.84","1,232.97","1,235.69","1,229.21","","-0.06%"
"2023- 01- 25","1,232.57","1,232.98","1,237.88","1,230.28","","0.00%"
"2023- 01- 24","1,232.57","1,230.38","1,237.99","1,228.90","","0.21%"
"2023- 01- 23","1,229.97","1,230.35","1,233.78","1,224.96","","0.09%"
"2023- 01- 20","1,228.86","1,232.63","1,238.44","1,229.53","","-0.27%"
"2023- 01- 19","1,232.21","1,238.11","1,242.45","1,231.53","","-0.44%"
"2023- 01- 18","1,237.69","1,237.36","1,247.12","1,225.56","","0.03%"
"2023- 01- 17","1,237.34","1,241.98","1,242.59","1,235.77","","-0.34%"
"2023- 01- 16","1,241.61","1,237.10","1,242.73","1,231.51","","0.35%"
"2023- 01- 13","1,237.26","1,239.51","1,246.42","1,233.79","","-0.15%"
"2023- 01- 12","1,239.12","1,242.41","1,247.73","1,234.95","","-0.27%"
"2023- 01- 11","1,242.50","1,241.22","1,250.48","1,238.10","","0.14%"
"2023- 01- 10","1,240.80","1,239.69","1,248.82","1,235.71","","0.12%"
"2023- 01- 09","1,239.28","1,254.50","1,254.70","1,234.54","","-1.13%"
"2023- 01- 06","1,253.50","1,274.58","1,275.33","1,251.84","","-1.63%"
"2023- 01- 05","1,274.26","1,271.39","1,279.14","1,267.05","","0.26%"
"2023- 01- 04","1,270.98","1,279.59","1,280.77","1,269.04","","-0.63%"
"2023- 01- 03","1,279.10","1,269.93","1,281.23","1,264.35","","0.79%"
"2023- 01- 02","1,269.03","1,261.95","1,274.86","1,260.65","","0.64%"
"2022- 12- 30","1,260.92","1,261.24","1,265.34","1,253.26","","0.01%"
"2022- 12- 29","1,260.85","1,274.71","1,275.32","1,259.19","","-1.06%"
"2022- 12- 28","1,274.37","1,272.25","1,276.66","1,265.57","","0.20%"
"2022- 12- 27","1,271.79","1,274.91","1,275.63","1,264.85","","-0.17%"
"2022- 12- 26","1,273.91","1,279.80","1,282.20","1,273.89","","-0.44%"
"2022- 12- 23","1,279.55","1,291.94","1,292.57","1,278.05","","-0.94%"
"2022- 12- 22","1,291.64","1,280.37","1,292.51","1,272.36","","0.97%"
"2022- 12- 21","1,279.21","1,284.06","1,289.91","1,279.91","","-0.35%"
"2022- 12- 20","1,283.71","1,301.65","1,305.45","1,281.52","","-1.35%"
"2022- 12- 19","1,301.29","1,311.55","1,311.58","1,296.85","","-0.62%"
"2022- 12- 16","1,309.47","1,319.51","1,320.05","1,304.73","","-0.69%"
"2022- 12- 15","1,318.51","1,295.91","1,320.61","1,293.61","","1.78%"
"2022- 12- 14","1,295.42","1,289.57","1,302.55","1,288.77","","0.49%"
"2022- 12- 13","1,289.13","1,307.07","1,309.66","1,288.79","","-1.30%"
"2022- 12- 12","1,306.08","1,303.95","1,314.15","1,303.26","","0.17%"
"2022- 12- 09","1,303.87","1,316.82","1,318.23","1,298.73","","-0.91%"
"2022- 12- 08","1,315.83","1,314.77","1,323.95","1,314.48","","0.11%"
"2022- 12- 07","1,314.38","1,320.13","1,326.55","1,312.56","","-0.41%"
"2022- 12- 06","1,319.79","1,305.73","1,323.12","1,301.45","","1.10%"
"2022- 12- 05","1,305.49","1,299.17","1,307.05","1,289.40","","0.59%"
"2022- 12- 02","1,297.89","1,304.56","1,308.34","1,295.47","","-0.49%"
"2022- 12- 01","1,304.23","1,301.72","1,308.23","1,295.15","","0.20%"
"2022- 11- 30","1,301.65","1,325.67","1,330.01","1,300.60","","-1.79%"
"2022- 11- 29","1,325.36","1,341.53","1,342.89","1,322.84","","-1.07%"
"2022- 11- 28","1,339.75","1,335.95","1,342.87","1,332.43","","0.39%"
"2022- 11- 25","1,334.48","1,328.03","1,336.78","1,319.27","","0.59%"
"2022- 11- 24","1,326.69","1,337.09","1,340.75","1,324.12","","-0.76%"
"2022- 11- 23","1,336.85","1,353.01","1,355.86","1,335.96","","-1.17%"
"2022- 11- 22","1,352.65","1,359.61","1,362.97","1,351.01","","-0.49%"
"2022- 11- 21","1,359.30","1,341.55","1,362.64","1,341.44","","1.46%"
"2022- 11- 18","1,339.71","1,342.99","1,344.94","1,335.85","","-0.22%"
"2022- 11- 17","1,342.65","1,337.00","1,352.56","1,330.45","","0.45%"
"2022- 11- 16","1,336.65","1,316.56","1,339.09","1,315.17","","1.55%"
"2022- 11- 15","1,316.21","1,324.27","1,327.51","1,308.13","","-0.58%"
"2022- 11- 14","1,323.87","1,319.50","1,332.06","1,309.20","","0.77%"
"2022- 11- 11","1,313.69","1,350.14","1,350.69","1,313.20","","-2.68%"
"2022- 11- 10","1,349.82","1,371.30","1,383.94","1,349.41","","-1.55%"
"2022- 11- 09","1,371.13","1,375.04","1,380.48","1,357.22","","-0.28%"
"2022- 11- 08","1,375.03","1,393.43","1,395.30","1,370.43","","-1.25%"
"2022- 11- 07","1,392.44","1,411.80","1,413.26","1,390.20","","-0.77%"
"2022- 11- 04","1,403.29","1,424.06","1,429.45","1,401.05","","-1.43%"
"2022- 11- 03","1,423.70","1,424.95","1,428.78","1,417.83","","0.80%"
"2022- 11- 02","1,412.45","1,417.08","1,421.40","1,409.67","","-0.30%"
"2022- 11- 01","1,416.73","1,427.03","1,429.59","1,411.77","","-0.64%"
"2022- 10- 31","1,425.83","1,422.05","1,429.69","1,418.31","","0.29%"
"2022- 10- 28","1,421.66","1,421.67","1,428.10","1,414.22","","0.03%"
"2022- 10- 27","1,421.23","1,412.86","1,425.51","1,411.96","","0.62%"
"2022- 10- 26","1,412.52","1,427.26","1,432.60","1,410.45","","-1.01%"
"2022- 10- 25","1,426.92","1,444.94","1,445.36","1,424.59","","-1.23%"
"2022- 10- 24","1,444.63","1,431.05","1,446.62","1,428.58","","1.14%"
"2022- 10- 21","1,428.32","1,430.59","1,444.59","1,428.51","","-0.13%"
"2022- 10- 20","1,430.20","1,435.17","1,436.85","1,422.35","","-0.33%"
"2022- 10- 19","1,434.88","1,425.34","1,437.07","1,413.44","","0.69%"
"2022- 10- 18","1,425.02","1,431.69","1,432.51","1,418.37","","-0.40%"
"2022- 10- 17","1,430.71","1,442.45","1,442.70","1,429.25","","-0.68%"
"2022- 10- 14","1,440.44","1,430.60","1,442.39","1,424.85","","0.68%"
"2022- 10- 13","1,430.69","1,424.90","1,444.09","1,423.48","","0.44%"
"2022- 10- 12","1,424.49","1,431.81","1,436.55","1,422.37","","-0.48%"
"2022- 10- 11","1,431.42","1,428.97","1,438.69","1,427.03","","0.27%"
"2022- 10- 10","1,427.61","1,421.95","1,430.77","1,421.95","","0.19%"
"2022- 10- 07","1,424.94","1,408.62","1,425.57","1,402.00","","1.18%"
"2022- 10- 06","1,408.31","1,417.05","1,417.62","1,397.24","","-0.52%"
"2022- 10- 05","1,415.63","1,416.34","1,424.23","1,410.05","","0.01%"
"2022- 10- 04","1,415.53","1,432.57","1,436.61","1,416.11","","-1.25%"
"2022- 10- 03","1,433.45","1,440.23","1,445.78","1,433.78","","-0.45%"
"2022- 09- 30","1,439.96","1,430.42","1,442.34","1,427.98","","0.70%"
"2022- 09- 29","1,429.99","1,424.21","1,442.17","1,422.57","","0.39%"
"2022- 09- 28","1,424.48","1,426.67","1,445.64","1,424.80","","-0.13%"
"2022- 09- 27","1,426.32","1,430.62","1,432.10","1,419.02","","-0.27%"
"2022- 09- 26","1,430.19","1,421.30","1,435.20","1,419.35","","0.62%"
"2022- 09- 23","1,421.34","1,407.07","1,423.80","1,404.04","","1.22%"
"2022- 09- 22","1,404.23","1,397.73","1,414.86","1,396.36","","0.47%"
"2022- 09- 21","1,397.71","1,392.91","1,398.86","1,388.40","","0.37%"
"2022- 09- 20","1,392.50","1,390.33","1,395.27","1,387.26","","0.17%"
"2022- 09- 19","1,390.08","1,385.95","1,396.47","1,384.00","","0.38%"
"2022- 09- 16","1,384.77","1,397.70","1,399.31","1,383.20","","-0.98%"
"2022- 09- 15","1,398.41","1,391.44","1,400.38","1,390.00","","0.53%"
"2022- 09- 14","1,391.01","1,392.37","1,396.25","1,388.88","","-0.26%"
"2022- 09- 13","1,394.68","1,375.25","1,395.26","1,371.40","","1.46%"
"2022- 09- 12","1,374.63","1,380.06","1,384.25","1,373.04","","-0.37%"
"2022- 09- 09","1,379.77","1,384.88","1,385.60","1,374.16","","-0.35%"
"2022- 09- 08","1,384.55","1,375.39","1,387.75","1,374.41","","0.54%"
"2022- 09- 07","1,377.11","1,378.52","1,391.28","1,377.12","","0.00%"
"2022- 09- 06","1,377.07","1,370.53","1,381.11","1,364.35","","0.56%"
"2022- 09- 05","1,369.39","1,363.68","1,375.00","1,361.32","","0.61%"
"2022- 09- 02","1,361.15","1,356.79","1,364.86","1,352.23","","0.39%"
"2022- 09- 01","1,355.82","1,341.76","1,359.50","1,341.10","","1.09%"
"2022- 08- 31","1,341.19","1,350.55","1,352.58","1,337.60","","-0.64%"
"2022- 08- 30","1,349.77","1,345.98","1,353.54","1,344.47","","0.31%"
"2022- 08- 29","1,345.62","1,342.18","1,352.30","1,342.03","","0.28%"
"2022- 08- 26","1,341.81","1,334.97","1,342.83","1,328.26","","0.56%"
"2022- 08- 25","1,334.32","1,340.96","1,342.42","1,333.36","","-0.47%"
"2022- 08- 24","1,340.60","1,339.54","1,344.81","1,337.75","","0.11%"
"2022- 08- 23","1,339.17","1,343.73","1,347.01","1,334.64","","-0.32%"
"2022- 08- 22","1,343.43","1,335.78","1,346.82","1,334.29","","0.59%"
"2022- 08- 19","1,335.61","1,327.23","1,338.42","1,324.15","","0.66%"
"2022- 08- 18","1,326.84","1,315.25","1,329.42","1,312.55","","0.91%"
"2022- 08- 17","1,314.88","1,311.40","1,317.88","1,308.20","","0.29%"
"2022- 08- 16","1,311.04","1,313.55","1,314.22","1,307.77","","0.04%"
"2022- 08- 15","1,310.52","1,302.34","1,312.60","1,302.16","","0.71%"
"2022- 08- 12","1,301.31","1,307.05","1,307.62","1,299.35","","-0.29%"
"2022- 08- 11","1,305.14","1,297.53","1,305.68","1,296.48","","0.60%"
"2022- 08- 10","1,297.33","1,307.52","1,312.06","1,297.49","","-0.67%"
"2022- 08- 09","1,306.14","1,300.11","1,308.74","1,299.39","","0.54%"
"2022- 08- 08","1,299.10","1,303.71","1,307.49","1,298.71","","-0.24%"
"2022- 08- 05","1,302.24","1,302.81","1,305.85","1,294.54","","-0.01%"
"2022- 08- 04","1,302.41","1,308.23","1,312.49","1,301.85","","-0.41%"
"2022- 08- 03","1,307.82","1,315.30","1,315.99","1,306.40","","-0.30%"
"2022- 08- 02","1,311.82","1,307.74","1,313.33","1,304.20","","0.34%"
"2022- 08- 01","1,307.33","1,303.29","1,309.99","1,301.09","","0.33%"
"2022- 07- 29","1,302.97","1,296.07","1,309.40","1,295.55","","0.58%"
"2022- 07- 28","1,295.47","1,306.37","1,309.68","1,296.07","","-0.81%"
"2022- 07- 27","1,306.08","1,311.03","1,316.68","1,305.74","","-0.31%"
"2022- 07- 26","1,310.10","1,311.47","1,313.60","1,306.75","","-0.08%"
"2022- 07- 25","1,311.12","1,310.61","1,313.97","1,307.33","","0.08%"
"2022- 07- 22","1,310.01","1,306.66","1,316.22","1,306.22","","0.29%"
"2022- 07- 21","1,306.16","1,313.70","1,316.88","1,306.55","","-0.53%"
"2022- 07- 20","1,313.10","1,304.38","1,314.22","1,302.36","","0.61%"
"2022- 07- 19","1,305.12","1,319.20","1,320.00","1,305.38","","-1.00%"
"2022- 07- 18","1,318.30","1,319.15","1,322.13","1,312.97","","0.04%"
"2022- 07- 15","1,317.74","1,317.58","1,329.58","1,316.60","","0.10%"
"2022- 07- 14","1,316.41","1,305.10","1,327.32","1,303.55","","0.90%"
"2022- 07- 13","1,304.73","1,306.45","1,310.83","1,301.75","","-0.04%"
"2022- 07- 12","1,305.21","1,311.16","1,316.73","1,305.01","","-0.43%"
"2022- 07- 11","1,310.81","1,294.79","1,314.39","1,294.62","","1.25%"
"2022- 07- 08","1,294.68","1,297.97","1,303.68","1,292.29","","-0.23%"
"2022- 07- 07","1,297.62","1,305.14","1,308.74","1,295.90","","-0.55%"
"2022- 07- 06","1,304.79","1,309.10","1,311.02","1,302.81","","-0.32%"
"2022- 07- 05","1,308.95","1,296.05","1,315.57","1,293.68","","1.01%"
"2022- 07- 04","1,295.87","1,298.92","1,300.16","1,292.05","","-0.22%"
"2022- 07- 01","1,298.67","1,288.05","1,302.80","1,287.80","","0.87%"
"2022- 06- 30","1,287.51","1,301.96","1,304.24","1,287.36","","-1.11%"
"2022- 06- 29","1,301.90","1,292.43","1,302.80","1,289.34","","0.76%"
"2022- 06- 28","1,292.06","1,286.63","1,293.00","1,281.47","","0.45%"
"2022- 06- 27","1,286.31","1,289.28","1,293.35","1,280.59","","-0.20%"
"2022- 06- 24","1,288.89","1,300.14","1,302.32","1,288.11","","-0.84%"
"2022- 06- 23","1,299.81","1,297.69","1,307.92","1,296.32","","0.17%"
"2022- 06- 22","1,297.58","1,292.09","1,305.26","1,290.69","","0.45%"
"2022- 06- 21","1,291.72","1,292.55","1,294.29","1,287.35","","0.01%"
"2022- 06- 20","1,291.54","1,291.50","1,296.26","1,287.91","","0.02%"
"2022- 06- 17","1,291.26","1,288.57","1,296.67","1,282.29","","0.24%"
"2022- 06- 16","1,288.23","1,278.38","1,296.59","1,277.06","","0.81%"
"2022- 06- 15","1,277.90","1,289.92","1,293.72","1,278.02","","-0.90%"
"2022- 06- 14","1,289.57","1,291.88","1,292.65","1,285.25","","-0.16%"
"2022- 06- 13","1,291.68","1,279.43","1,294.37","1,278.88","","0.97%"
"2022- 06- 10","1,279.32","1,264.38","1,283.85","1,263.14","","1.21%"
"2022- 06- 09","1,264.04","1,257.22","1,267.19","1,253.34","","0.58%"
"2022- 06- 08","1,256.81","1,254.85","1,258.92","1,253.17","","0.20%"
"2022- 06- 07","1,254.36","1,254.80","1,260.15","1,253.06","","-0.01%"
"2022- 06- 06","1,254.45","1,251.87","1,255.71","1,248.23","","0.31%"
"2022- 06- 03","1,250.58","1,241.14","1,252.24","1,238.47","","0.83%"
"2022- 06- 02","1,240.32","1,247.23","1,255.04","1,240.67","","-0.53%"
"2022- 06- 01","1,246.89","1,242.48","1,248.58","1,240.29","","0.37%"
"2022- 05- 31","1,242.26","1,235.60","1,243.89","1,234.72","","0.60%"
"2022- 05- 30","1,234.85","1,251.10","1,253.58","1,234.55","","-1.37%"
"2022- 05- 27","1,251.99","1,260.29","1,262.13","1,248.86","","-0.64%"
"2022- 05- 26","1,260.02","1,266.55","1,269.73","1,259.35","","-0.50%"
"2022- 05- 25","1,266.41","1,261.14","1,271.95","1,260.05","","0.43%"
"2022- 05- 24","1,261.03","1,258.87","1,266.72","1,258.21","","0.25%"
"2022- 05- 23","1,257.88","1,270.41","1,272.97","1,258.37","","-1.23%"
"2022- 05- 20","1,273.59","1,263.99","1,277.18","1,263.05","","0.87%"
"2022- 05- 19","1,262.61","1,276.00","1,280.63","1,261.35","","-1.00%"
"2022- 05- 18","1,275.33","1,266.80","1,276.98","1,263.93","","0.70%"
"2022- 05- 17","1,266.50","1,280.64","1,281.45","1,264.02","","-1.08%"
"2022- 05- 16","1,280.38","1,278.57","1,286.56","1,276.16","","0.15%"
"2022- 05- 13","1,278.45","1,290.87","1,291.74","1,278.22","","-0.95%"
"2022- 05- 12","1,290.72","1,279.14","1,293.14","1,278.47","","0.91%"
"2022- 05- 11","1,279.03","1,276.63","1,280.55","1,272.35","","0.20%"
"2022- 05- 10","1,276.48","1,275.01","1,278.95","1,271.37","","0.17%"
"2022- 05- 09","1,274.28","1,270.41","1,278.36","1,270.29","","0.34%"
"2022- 05- 06","1,269.99","1,269.57","1,276.47","1,266.98","","0.06%"
"2022- 05- 05","1,269.20","1,251.53","1,274.37","1,250.42","","1.41%"
"2022- 05- 04","1,251.51","1,260.95","1,267.49","1,250.62","","-0.70%"
"2022- 05- 03","1,260.35","1,267.64","1,268.77","1,260.12","","-0.56%"
"2022- 05- 02","1,267.51","1,264.65","1,270.75","1,262.88","","0.35%"
"2022- 04- 29","1,263.03","1,272.38","1,273.06","1,254.87","","-0.71%"
"2022- 04- 28","1,272.11","1,266.40","1,276.55","1,264.27","","0.46%"
"2022- 04- 27","1,266.27","1,260.98","1,270.72","1,260.89","","0.44%"
"2022- 04- 26","1,260.67","1,250.22","1,261.43","1,245.14","","0.85%"
"2022- 04- 25","1,250.10","1,244.40","1,253.76","1,243.63","","0.48%"
"2022- 04- 22","1,244.11","1,242.34","1,247.45","1,238.45","","0.10%"
"2022- 04- 21","1,242.81","1,233.98","1,244.95","1,233.86","","0.74%"
"2022- 04- 20","1,233.66","1,239.81","1,241.04","1,232.37","","-0.47%"
"2022- 04- 19","1,239.53","1,235.45","1,242.67","1,233.17","","0.35%"
"2022- 04- 18","1,235.22","1,229.09","1,235.81","1,228.88","","0.57%"
"2022- 04- 15","1,228.19","1,230.26","1,232.11","1,227.01","","-0.16%"
"2022- 04- 14","1,230.15","1,223.37","1,231.57","1,222.61","","0.57%"
"2022- 04- 13","1,223.23","1,228.15","1,231.70","1,221.71","","-0.39%"
"2022- 04- 12","1,228.08","1,234.90","1,238.63","1,224.51","","-0.51%"
"2022- 04- 11","1,234.32","1,228.95","1,236.82","1,228.95","","0.42%"
"2022- 04- 08","1,229.19","1,222.76","1,230.87","1,221.28","","0.54%"
"2022- 04- 07","1,222.55","1,217.60","1,223.95","1,216.37","","0.42%"
"2022- 04- 06","1,217.48","1,218.82","1,221.96","1,215.85","","-0.06%"
"2022- 04- 05","1,218.22","1,214.49","1,220.32","1,210.31","","0.37%"
"2022- 04- 04","1,213.75","1,219.80","1,220.26","1,213.53","","-0.49%"
"2022- 04- 01","1,219.73","1,215.13","1,220.27","1,214.39","","0.46%"
"2022- 03- 31","1,214.17","1,210.51","1,215.47","1,208.16","","0.32%"
"2022- 03- 30","1,210.31","1,208.19","1,213.22","1,207.06","","0.25%"
"2022- 03- 29","1,207.35","1,223.82","1,225.12","1,207.27","","-1.33%"
"2022- 03- 28","1,223.65","1,224.40","1,227.87","1,222.26","","-0.12%"
"2022- 03- 25","1,225.08","1,221.00","1,226.31","1,216.36","","0.45%"
"2022- 03- 24","1,219.58","1,219.02","1,225.05","1,217.11","","0.08%"
"2022- 03- 23","1,218.62","1,215.19","1,219.80","1,210.91","","0.29%"
"2022- 03- 22","1,215.07","1,218.82","1,223.92","1,214.51","","-0.20%"
"2022- 03- 21","1,217.55","1,211.55","1,219.24","1,210.39","","0.53%"
"2022- 03- 18","1,211.15","1,210.58","1,217.26","1,207.01","","0.10%"
"2022- 03- 17","1,209.89","1,224.96","1,227.71","1,207.83","","-1.26%"
"2022- 03- 16","1,225.35","1,241.66","1,244.05","1,225.32","","-1.23%"
"2022- 03- 15","1,240.62","1,242.01","1,247.36","1,239.30","","0.00%"
"2022- 03- 14","1,240.64","1,237.10","1,242.82","1,234.68","","0.29%"
"2022- 03- 11","1,237.08","1,228.76","1,237.91","1,228.23","","0.67%"
"2022- 03- 10","1,228.83","1,223.24","1,231.74","1,223.13","","0.47%"
"2022- 03- 09","1,223.13","1,233.64","1,235.95","1,222.75","","-0.84%"
"2022- 03- 08","1,233.53","1,232.26","1,238.83","1,227.97","","0.11%"
"2022- 03- 07","1,232.14","1,221.65","1,233.47","1,220.05","","1.21%"
"2022- 03- 04","1,217.45","1,206.93","1,219.78","1,206.35","","0.99%"
"2022- 03- 03","1,205.54","1,203.26","1,209.29","1,202.18","","0.20%"
"2022- 03- 02","1,203.16","1,205.42","1,208.99","1,201.98","","-0.18%"
"2022- 03- 01","1,205.32","1,201.18","1,206.37","1,197.68","","0.43%"
"2022- 02- 28","1,200.12","1,207.65","1,208.97","1,200.76","","0.21%"
"2022- 02- 25","1,197.57","1,206.11","1,206.90","1,197.73","","-0.70%"
"2022- 02- 24","1,206.05","1,192.60","1,211.47","1,191.93","","1.14%"
"2022- 02- 23","1,192.44","1,193.03","1,194.35","1,189.64","","0.05%"
"2022- 02- 22","1,191.90","1,194.60","1,196.60","1,190.74","","-0.15%"
"2022- 02- 21","1,193.68","1,198.30","1,199.72","1,189.73","","-0.16%"
"2022- 02- 18","1,195.59","1,198.76","1,199.55","1,192.95","","-0.25%"
"2022- 02- 17","1,198.63","1,196.69","1,200.05","1,194.44","","0.18%"
"2022- 02- 16","1,196.53","1,196.87","1,199.57","1,195.22","","-0.02%"
"2022- 02- 15","1,196.76","1,197.45","1,200.60","1,195.28","","-0.05%"
"2022- 02- 14","1,197.32","1,200.10","1,200.17","1,193.93","","-0.18%"
"2022- 02- 11","1,199.48","1,200.11","1,201.87","1,193.23","","-0.03%"
"2022- 02- 10","1,199.83","1,194.17","1,200.65","1,193.42","","0.48%"
"2022- 02- 09","1,194.05","1,196.40","1,197.47","1,193.01","","-0.19%"
"2022- 02- 08","1,196.35","1,196.92","1,200.38","1,196.21","","-0.04%"
"2022- 02- 07","1,196.87","1,199.00","1,201.09","1,196.72","","-0.12%"
"2022- 02- 04","1,198.25","1,200.65","1,202.05","1,196.81","","-0.10%"
"2022- 02- 03","1,199.47","1,200.36","1,207.19","1,198.68","","0.00%"
"2022- 02- 02","1,199.46","1,202.47","1,204.41","1,198.83","","-0.24%"
"2022- 02- 01","1,202.31","1,204.75","1,208.01","1,201.62","","-0.19%"
"2022- 01- 31","1,204.63","1,209.71","1,212.92","1,204.21","","-0.41%"
"2022- 01- 28","1,209.56","1,203.82","1,213.87","1,203.65","","0.48%"
"2022- 01- 27","1,203.77","1,200.75","1,205.79","1,200.15","","0.56%"
"2022- 01- 26","1,197.03","1,196.35","1,198.51","1,194.28","","0.06%"
"2022- 01- 25","1,196.35","1,195.69","1,199.93","1,195.17","","0.06%"
"2022- 01- 24","1,195.59","1,193.30","1,197.90","1,192.49","","0.26%"
"2022- 01- 21","1,192.51","1,192.49","1,195.05","1,190.14","","0.01%"
"2022- 01- 20","1,192.42","1,188.21","1,193.88","1,187.19","","0.36%"
"2022- 01- 19","1,188.13","1,193.03","1,193.95","1,186.66","","-0.38%"
"2022- 01- 18","1,192.69","1,190.98","1,194.34","1,185.93","","0.23%"
"2022- 01- 17","1,189.99","1,190.55","1,194.13","1,189.49","","-0.01%"
"2022- 01- 14","1,190.07","1,186.77","1,192.42","1,185.67","","0.33%"
"2022- 01- 13","1,186.11","1,185.96","1,189.95","1,184.04","","0.02%"
"2022- 01- 12","1,185.87","1,190.55","1,193.20","1,185.12","","-0.54%"
"2022- 01- 11","1,192.31","1,198.14","1,198.60","1,192.30","","-0.48%"
"2022- 01- 10","1,198.04","1,198.20","1,201.81","1,195.96","","0.03%"
"2022- 01- 07","1,197.63","1,205.03","1,205.78","1,197.32","","-0.61%"
"2022- 01- 06","1,204.95","1,200.65","1,207.11","1,197.20","","0.56%"
"2022- 01- 05","1,198.20","1,197.54","1,200.18","1,195.91","","0.06%"
"2022- 01- 04","1,197.49","1,194.77","1,199.49","1,192.75","","0.38%"
"2022- 01- 03","1,193.00","1,189.80","1,193.86","1,187.55","","0.42%"
"2021- 12- 31","1,187.96","1,190.22","1,191.32","1,186.67","","-0.12%"
"2021- 12- 30","1,189.36","1,184.79","1,190.72","1,182.75","","0.39%"
"2021- 12- 29","1,184.70","1,188.14","1,188.59","1,184.06","","-0.29%"
"2021- 12- 28","1,188.09","1,186.59","1,189.39","1,185.32","","0.21%"
"2021- 12- 27","1,185.61","1,187.10","1,188.63","1,185.02","","-0.03%"
"2021- 12- 24","1,185.99","1,185.64","1,188.40","1,184.69","","0.04%"
"2021- 12- 23","1,185.55","1,187.94","1,190.76","1,184.89","","-0.39%"
"2021- 12- 22","1,190.21","1,190.43","1,192.98","1,189.50","","-0.04%"
"2021- 12- 21","1,190.67","1,189.96","1,193.82","1,189.00","","0.10%"
"2021- 12- 20","1,189.53","1,188.10","1,192.67","1,186.79","","0.15%"
"2021- 12- 17","1,187.70","1,186.39","1,188.63","1,180.03","","0.12%"
"2021- 12- 16","1,186.29","1,185.41","1,188.86","1,181.63","","0.15%"
"2021- 12- 15","1,184.57","1,185.24","1,190.22","1,183.93","","-0.05%"
"2021- 12- 14","1,185.19","1,185.11","1,186.38","1,180.97","","0.02%"
"2021- 12- 13","1,184.91","1,180.97","1,186.16","1,177.03","","0.34%"
"2021- 12- 10","1,180.86","1,178.27","1,182.83","1,176.40","","0.23%"
"2021- 12- 09","1,178.15","1,173.42","1,179.37","1,172.62","","0.25%"
"2021- 12- 08","1,175.19","1,176.85","1,179.32","1,175.12","","-0.13%"
"2021- 12- 07","1,176.73","1,180.66","1,184.03","1,176.56","","-0.32%"
"2021- 12- 06","1,180.54","1,184.85","1,186.49","1,179.70","","0.05%"
"2021- 12- 03","1,180.00","1,176.86","1,183.63","1,175.83","","0.28%"
"2021- 12- 02","1,176.74","1,177.06","1,179.36","1,173.32","","-0.02%"
"2021- 12- 01","1,176.93","1,182.84","1,185.49","1,173.33","","-0.49%"
"2021- 11- 30","1,182.71","1,190.97","1,191.74","1,182.26","","-0.67%"
"2021- 11- 29","1,190.69","1,195.80","1,196.00","1,189.90","","-0.31%"
"2021- 11- 26","1,194.43","1,190.24","1,196.26","1,189.74","","0.36%"
"2021- 11- 25","1,190.16","1,188.81","1,192.28","1,187.82","","0.12%"
"2021- 11- 24","1,188.77","1,190.07","1,190.79","1,185.02","","-0.03%"
"2021- 11- 23","1,189.08","1,190.57","1,192.47","1,187.06","","-0.08%"
"2021- 11- 22","1,190.08","1,188.76","1,191.37","1,184.82","","0.25%"
"2021- 11- 19","1,187.10","1,182.99","1,187.67","1,181.16","","0.40%"
"2021- 11- 18","1,182.37","1,180.59","1,187.76","1,177.92","","0.16%"
"2021- 11- 17","1,180.46","1,183.99","1,186.97","1,179.59","","-0.29%"
"2021- 11- 16","1,183.85","1,183.56","1,185.80","1,175.30","","0.04%"
"2021- 11- 15","1,183.42","1,179.95","1,184.78","1,177.17","","0.36%"
"2021- 11- 12","1,179.20","1,182.45","1,184.10","1,176.31","","-0.27%"
"2021- 11- 11","1,182.39","1,185.15","1,187.30","1,178.17","","-0.22%"
"2021- 11- 10","1,185.04","1,178.51","1,186.15","1,176.83","","0.56%"
"2021- 11- 09","1,178.40","1,180.95","1,182.10","1,173.36","","-0.21%"
"2021- 11- 08","1,180.84","1,181.51","1,186.74","1,178.93","","-0.02%"
"2021- 11- 05","1,181.05","1,185.97","1,188.43","1,181.21","","-0.40%"
"2021- 11- 04","1,185.75","1,178.89","1,188.80","1,176.94","","0.59%"
"2021- 11- 03","1,178.78","1,178.59","1,185.95","1,177.99","","0.03%"
"2021- 11- 02","1,178.48","1,177.56","1,179.91","1,174.03","","0.09%"
"2021- 11- 01","1,177.45","1,174.61","1,179.89","1,173.28","","0.25%"
"2021- 10- 29","1,174.47","1,168.46","1,177.08","1,167.81","","0.52%"
"2021- 10- 28","1,168.44","1,172.17","1,174.71","1,166.07","","-0.31%"
"2021- 10- 27","1,172.05","1,168.06","1,174.09","1,165.45","","0.35%"
"2021- 10- 26","1,167.95","1,168.13","1,170.47","1,163.75","","-0.01%"
"2021- 10- 25","1,168.02","1,177.45","1,178.96","1,166.96","","-0.80%"
"2021- 10- 22","1,177.48","1,177.87","1,181.71","1,173.64","","-0.03%"
"2021- 10- 21","1,177.78","1,175.81","1,180.03","1,172.99","","0.18%"
"2021- 10- 20","1,175.63","1,175.61","1,179.26","1,172.01","","0.04%"
"2021- 10- 19","1,175.13","1,185.89","1,186.03","1,173.73","","-0.87%"
"2021- 10- 18","1,185.47","1,182.49","1,188.86","1,182.39","","0.29%"
"2021- 10- 15","1,182.07","1,182.23","1,185.32","1,180.87","","0.03%"
"2021- 10- 14","1,181.69","1,186.87","1,190.94","1,181.76","","-0.38%"
"2021- 10- 13","1,186.18","1,197.92","1,199.49","1,186.30","","-0.93%"
"2021- 10- 12","1,197.29","1,195.75","1,200.90","1,195.38","","0.17%"
"2021- 10- 11","1,195.30","1,196.54","1,196.99","1,191.89","","-0.12%"
"2021- 10- 08","1,196.79","1,191.33","1,197.62","1,190.35","","0.50%"
"2021- 10- 07","1,190.88","1,190.74","1,192.08","1,188.15","","0.06%"
"2021- 10- 06","1,190.21","1,186.69","1,197.94","1,185.90","","0.31%"
"2021- 10- 05","1,186.48","1,184.46","1,189.12","1,183.84","","0.20%"
"2021- 10- 04","1,184.12","1,179.90","1,185.97","1,178.41","","0.32%"
"2021- 10- 01","1,180.35","1,184.78","1,189.05","1,179.20","","-0.33%"
"2021- 09- 30","1,184.23","1,187.93","1,189.38","1,180.22","","-0.24%"
"2021- 09- 29","1,187.11","1,188.03","1,189.26","1,181.21","","0.00%"
"2021- 09- 28","1,187.16","1,177.09","1,188.67","1,176.37","","0.78%"
"2021- 09- 27","1,177.94","1,179.95","1,182.46","1,173.98","","-0.15%"
"2021- 09- 24","1,179.68","1,174.84","1,182.05","1,171.81","","0.43%"
"2021- 09- 23","1,174.63","1,181.99","1,186.62","1,170.36","","-0.60%"
"2021- 09- 22","1,181.75","1,184.41","1,185.53","1,178.25","","-0.19%"
"2021- 09- 21","1,183.96","1,187.39","1,188.62","1,182.66","","-0.14%"
"2021- 09- 20","1,185.67","1,181.56","1,192.41","1,181.47","","0.42%"
"2021- 09- 17","1,180.69","1,175.37","1,182.81","1,174.24","","0.47%"
"2021- 09- 16","1,175.19","1,166.39","1,176.94","1,165.21","","0.77%"
"2021- 09- 15","1,166.23","1,172.41","1,174.70","1,164.77","","-0.51%"
"2021- 09- 14","1,172.23","1,173.44","1,175.21","1,166.38","","-0.05%"
"2021- 09- 13","1,172.83","1,170.38","1,177.53","1,170.02","","0.22%"
"2021- 09- 10","1,170.23","1,169.81","1,174.13","1,164.84","","0.05%"
"2021- 09- 09","1,169.64","1,167.14","1,172.22","1,166.05","","0.27%"
"2021- 09- 08","1,166.54","1,162.16","1,168.83","1,161.15","","0.39%"
"2021- 09- 07","1,161.98","1,157.33","1,166.02","1,155.00","","0.43%"
"2021- 09- 06","1,157.04","1,155.75","1,159.97","1,154.53","","0.24%"
"2021- 09- 03","1,154.28","1,158.23","1,159.72","1,152.54","","-0.33%"
"2021- 09- 02","1,158.05","1,156.08","1,162.44","1,155.05","","0.22%"
"2021- 09- 01","1,155.47","1,158.95","1,160.64","1,154.53","","-0.28%"
"2021- 08- 31","1,158.73","1,166.07","1,167.43","1,155.18","","-0.48%"
"2021- 08- 30","1,164.34","1,162.33","1,167.71","1,161.88","","0.27%"
"2021- 08- 27","1,161.23","1,170.71","1,174.76","1,160.89","","-0.79%"
"2021- 08- 26","1,170.53","1,164.05","1,172.01","1,162.97","","0.57%"
"2021- 08- 25","1,163.87","1,164.02","1,169.37","1,162.92","","0.02%"
"2021- 08- 24","1,163.65","1,169.07","1,171.57","1,163.11","","-0.49%"
"2021- 08- 23","1,169.36","1,175.24","1,177.56","1,167.43","","-0.49%"
"2021- 08- 20","1,175.15","1,176.46","1,184.85","1,171.22","","-0.10%"
"2021- 08- 19","1,176.28","1,170.28","1,178.40","1,169.66","","0.53%"
"2021- 08- 18","1,170.03","1,177.44","1,179.94","1,166.89","","-0.62%"
"2021- 08- 17","1,177.30","1,165.45","1,179.80","1,164.61","","1.03%"
"2021- 08- 16","1,165.28","1,162.37","1,168.81","1,161.47","","0.34%"
"2021- 08- 13","1,161.37","1,163.16","1,171.15","1,160.38","","-0.14%"
"2021- 08- 12","1,162.98","1,154.16","1,166.15","1,152.97","","0.78%"
"2021- 08- 11","1,153.98","1,152.90","1,159.70","1,151.89","","0.11%"
"2021- 08- 10","1,152.70","1,147.07","1,154.29","1,145.78","","0.51%"
"2021- 08- 09","1,146.89","1,145.93","1,148.87","1,142.35","","0.17%"
"2021- 08- 06","1,144.93","1,142.95","1,148.28","1,140.15","","0.20%"
"2021- 08- 05","1,142.59","1,144.94","1,146.85","1,140.62","","-0.19%"
"2021- 08- 04","1,144.76","1,148.63","1,149.72","1,140.02","","-0.32%"
"2021- 08- 03","1,148.44","1,150.36","1,153.91","1,146.59","","-0.15%"
"2021- 08- 02","1,150.18","1,151.90","1,154.61","1,148.51","","-0.11%"
"2021- 07- 30","1,151.41","1,143.30","1,154.78","1,142.04","","0.73%"
"2021- 07- 29","1,143.12","1,150.44","1,152.12","1,140.48","","-0.62%"
"2021- 07- 28","1,150.27","1,154.44","1,159.96","1,149.24","","-0.34%"
"2021- 07- 27","1,154.25","1,152.71","1,158.65","1,148.86","","0.15%"
"2021- 07- 26","1,152.54","1,152.12","1,157.24","1,151.26","","0.09%"
"2021- 07- 23","1,151.52","1,150.86","1,155.41","1,147.15","","0.08%"
"2021- 07- 22","1,150.55","1,149.49","1,153.12","1,146.86","","0.11%"
"2021- 07- 21","1,149.31","1,148.47","1,156.44","1,147.08","","0.16%"
"2021- 07- 20","1,147.47","1,151.92","1,153.07","1,146.55","","-0.29%"
"2021- 07- 19","1,150.83","1,142.50","1,155.60","1,141.86","","0.82%"
"2021- 07- 16","1,141.51","1,141.76","1,144.28","1,137.99","","-0.01%"
"2021- 07- 15","1,141.59","1,144.37","1,148.30","1,138.93","","-0.23%"
"2021- 07- 14","1,144.22","1,150.12","1,152.26","1,142.63","","-0.50%"
"2021- 07- 13","1,149.94","1,147.18","1,152.90","1,141.22","","0.27%"
"2021- 07- 12","1,146.85","1,145.31","1,150.07","1,144.18","","0.27%"
"2021- 07- 09","1,143.73","1,146.80","1,150.52","1,143.18","","-0.25%"
"2021- 07- 08","1,146.59","1,141.65","1,151.70","1,139.55","","0.45%"
"2021- 07- 07","1,141.50","1,136.93","1,144.26","1,135.03","","0.42%"
"2021- 07- 06","1,136.75","1,130.60","1,139.97","1,129.03","","0.56%"
"2021- 07- 05","1,130.42","1,130.77","1,132.72","1,128.13","","-0.01%"
"2021- 07- 02","1,130.53","1,134.51","1,138.61","1,129.60","","-0.33%"
"2021- 07- 01","1,134.33","1,130.63","1,135.98","1,128.28","","0.34%"
"2021- 06- 30","1,130.48","1,131.80","1,132.89","1,125.59","","-0.10%"
"2021- 06- 29","1,131.62","1,130.22","1,134.76","1,127.65","","0.14%"
"2021- 06- 28","1,130.04","1,127.34","1,132.68","1,126.58","","0.26%"
"2021- 06- 25","1,127.12","1,131.87","1,133.11","1,124.10","","-0.32%"
"2021- 06- 24","1,130.78","1,136.03","1,138.69","1,129.97","","-0.45%"
"2021- 06- 23","1,135.85","1,133.73","1,138.63","1,131.17","","0.20%"
"2021- 06- 22","1,133.57","1,131.57","1,138.81","1,130.35","","0.19%"
"2021- 06- 21","1,131.40","1,135.24","1,139.47","1,130.91","","-0.31%"
"2021- 06- 18","1,134.94","1,134.47","1,138.14","1,128.06","","0.06%"
"2021- 06- 17","1,134.30","1,132.84","1,137.00","1,127.36","","0.14%"
"2021- 06- 16","1,132.68","1,118.09","1,137.17","1,115.74","","1.40%"
"2021- 06- 15","1,117.09","1,117.33","1,119.39","1,116.14","","0.07%"
"2021- 06- 14","1,116.33","1,116.55","1,120.05","1,114.45","","-0.01%"
"2021- 06- 11","1,116.40","1,112.56","1,118.54","1,109.25","","0.37%"
"2021- 06- 10","1,112.32","1,117.03","1,119.26","1,111.93","","-0.29%"
"2021- 06- 09","1,115.61","1,117.72","1,119.02","1,112.30","","-0.19%"
"2021- 06- 08","1,117.72","1,110.80","1,118.82","1,108.99","","0.64%"
"2021- 06- 07","1,110.62","1,110.68","1,114.53","1,109.08","","0.01%"
"2021- 06- 04","1,110.52","1,116.64","1,119.51","1,108.77","","-0.53%"
"2021- 06- 03","1,116.46","1,111.10","1,118.83","1,108.87","","0.50%"
"2021- 06- 02","1,110.92","1,108.49","1,114.81","1,106.78","","0.23%"
"2021- 06- 01","1,108.38","1,108.09","1,110.60","1,104.69","","0.16%"
"2021- 05- 31","1,106.58","1,113.84","1,117.42","1,106.50","","-0.58%"
"2021- 05- 28","1,113.08","1,118.72","1,119.36","1,112.86","","-0.49%"
"2021- 05- 27","1,118.55","1,116.79","1,120.33","1,115.07","","0.17%"
"2021- 05- 26","1,116.61","1,122.53","1,123.49","1,114.67","","-0.51%"
"2021- 05- 25","1,122.36","1,123.60","1,126.55","1,120.36","","-0.10%"
"2021- 05- 24","1,123.48","1,127.86","1,129.61","1,122.80","","-0.37%"
"2021- 05- 21","1,127.63","1,127.99","1,129.37","1,122.24","","0.00%"
"2021- 05- 20","1,127.66","1,131.36","1,134.41","1,127.17","","-0.31%"
"2021- 05- 19","1,131.18","1,127.08","1,133.31","1,124.61","","0.38%"
"2021- 05- 18","1,126.93","1,136.91","1,139.74","1,125.64","","-0.86%"
"2021- 05- 17","1,136.73","1,126.51","1,139.74","1,125.95","","0.97%"
"2021- 05- 14","1,125.79","1,126.89","1,131.31","1,125.23","","-0.08%"
"2021- 05- 13","1,126.73","1,132.92","1,136.13","1,126.17","","-0.53%"
"2021- 05- 12","1,132.73","1,119.67","1,133.94","1,118.74","","1.17%"
"2021- 05- 11","1,119.58","1,116.83","1,122.39","1,114.95","","0.26%"
"2021- 05- 10","1,116.68","1,112.97","1,118.10","1,110.49","","0.49%"
"2021- 05- 07","1,111.23","1,120.46","1,123.67","1,109.48","","-0.81%"
"2021- 05- 06","1,120.28","1,125.02","1,127.01","1,119.63","","-0.39%"
"2021- 05- 05","1,124.72","1,125.95","1,128.30","1,122.18","","-0.09%"
"2021- 05- 04","1,125.77","1,120.50","1,128.92","1,118.84","","0.48%"
"2021- 05- 03","1,120.34","1,117.76","1,124.94","1,115.51","","0.28%"
"2021- 04- 30","1,117.16","1,107.81","1,119.46","1,106.52","","0.86%"
"2021- 04- 29","1,107.63","1,110.06","1,111.17","1,105.30","","-0.20%"
"2021- 04- 28","1,109.88","1,113.43","1,115.51","1,108.31","","-0.31%"
"2021- 04- 27","1,113.33","1,110.44","1,114.55","1,108.27","","0.28%"
"2021- 04- 26","1,110.27","1,115.85","1,116.95","1,108.96","","-0.40%"
"2021- 04- 23","1,114.72","1,120.18","1,121.54","1,113.95","","-0.36%"
"2021- 04- 22","1,118.79","1,116.70","1,121.70","1,114.13","","0.22%"
"2021- 04- 21","1,116.35","1,117.46","1,121.61","1,114.78","","-0.08%"
"2021- 04- 20","1,117.28","1,115.51","1,119.74","1,110.29","","0.17%"
"2021- 04- 19","1,115.33","1,117.05","1,120.26","1,112.94","","-0.10%"
"2021- 04- 16","1,116.50","1,116.86","1,121.57","1,113.05","","-0.02%"
"2021- 04- 15","1,116.68","1,116.26","1,119.82","1,113.01","","0.05%"
"2021- 04- 14","1,116.08","1,121.55","1,123.91","1,112.10","","-0.47%"
"2021- 04- 13","1,121.37","1,125.23","1,128.42","1,120.38","","-0.26%"
"2021- 04- 12","1,124.32","1,121.76","1,127.28","1,120.28","","0.30%"
"2021- 04- 09","1,120.98","1,116.75","1,122.59","1,113.15","","0.46%"
"2021- 04- 08","1,115.83","1,119.21","1,121.57","1,114.59","","-0.29%"
"2021- 04- 07","1,119.03","1,119.29","1,120.36","1,114.67","","-0.01%"
"2021- 04- 06","1,119.17","1,125.04","1,125.68","1,116.58","","-0.45%"
"2021- 04- 05","1,124.18","1,129.69","1,130.03","1,122.45","","-0.40%"
"2021- 04- 02","1,128.64","1,128.87","1,130.38","1,126.28","","-0.01%"
"2021- 04- 01","1,128.72","1,127.97","1,133.82","1,125.32","","0.14%"
"2021- 03- 31","1,127.17","1,133.54","1,134.68","1,125.32","","-0.48%"
"2021- 03- 30","1,132.59","1,132.56","1,136.28","1,131.42","","0.09%"
"2021- 03- 29","1,131.56","1,128.95","1,136.41","1,128.76","","0.27%"
"2021- 03- 26","1,128.52","1,135.24","1,136.09","1,128.07","","-0.58%"
"2021- 03- 25","1,135.12","1,135.40","1,138.02","1,131.93","","0.02%"
"2021- 03- 24","1,134.90","1,133.40","1,135.96","1,130.24","","0.18%"
"2021- 03- 23","1,132.90","1,126.49","1,134.48","1,125.02","","0.61%"
"2021- 03- 22","1,126.00","1,129.47","1,134.01","1,125.61","","-0.28%"
"2021- 03- 19","1,129.12","1,128.25","1,134.80","1,125.31","","0.12%"
"2021- 03- 18","1,127.75","1,121.91","1,131.30","1,120.04","","0.58%"
"2021- 03- 17","1,121.21","1,129.93","1,134.31","1,120.65","","-0.69%"
"2021- 03- 16","1,129.00","1,132.85","1,135.91","1,128.14","","-0.30%"
"2021- 03- 15","1,132.35","1,136.50","1,138.78","1,130.92","","-0.32%"
"2021- 03- 12","1,136.00","1,130.85","1,139.35","1,127.27","","0.50%"
"2021- 03- 11","1,130.35","1,136.91","1,140.99","1,128.90","","-0.49%"
"2021- 03- 10","1,135.91","1,135.91","1,145.60","1,135.31","","0.09%"
"2021- 03- 09","1,134.91","1,141.83","1,144.85","1,133.38","","-0.52%"
"2021- 03- 08","1,140.83","1,128.85","1,144.07","1,127.06","","1.14%"
"2021- 03- 05","1,128.00","1,131.03","1,137.27","1,124.04","","-0.25%"
"2021- 03- 04","1,130.87","1,127.05","1,133.05","1,123.36","","0.43%"
"2021- 03- 03","1,126.05","1,125.29","1,128.05","1,116.96","","0.09%"
"2021- 03- 02","1,125.01","1,113.53","1,128.28","1,102.06","","1.05%"
"2021- 03- 01","1,113.33","1,124.89","1,125.15","1,113.10","","-0.94%"
"2021- 02- 26","1,123.89","1,119.47","1,130.34","1,118.41","","0.46%"
"2021- 02- 25","1,118.77","1,107.54","1,121.62","1,105.70","","1.04%"
"2021- 02- 24","1,107.27","1,110.22","1,113.75","1,106.08","","-0.26%"
"2021- 02- 23","1,110.13","1,112.58","1,114.82","1,108.24","","-0.13%"
"2021- 02- 22","1,111.59","1,106.02","1,116.11","1,102.84","","0.66%"
"2021- 02- 19","1,104.27","1,107.09","1,111.28","1,102.22","","-0.24%"
"2021- 02- 18","1,106.96","1,106.50","1,110.15","1,103.19","","0.12%"
"2021- 02- 17","1,105.61","1,107.58","1,110.81","1,104.49","","-0.09%"
"2021- 02- 16","1,106.58","1,102.31","1,109.55","1,096.91","","0.48%"
"2021- 02- 15","1,101.31","1,104.37","1,106.00","1,100.70","","-0.12%"
"2021- 02- 12","1,102.59","1,103.12","1,107.59","1,101.74","","0.04%"
"2021- 02- 11","1,102.12","1,106.48","1,108.01","1,102.05","","-0.30%"
"2021- 02- 10","1,105.48","1,111.01","1,114.16","1,103.60","","-0.49%"
"2021- 02- 09","1,110.88","1,117.30","1,118.75","1,110.08","","-0.42%"
"2021- 02- 08","1,115.61","1,117.76","1,122.17","1,116.05","","-0.10%"
"2021- 02- 05","1,116.77","1,120.11","1,127.86","1,116.22","","-0.29%"
"2021- 02- 04","1,120.00","1,113.59","1,122.74","1,112.48","","0.59%"
"2021- 02- 03","1,113.46","1,115.51","1,117.25","1,111.80","","-0.17%"
"2021- 02- 02","1,115.37","1,117.45","1,119.71","1,113.65","","-0.10%"
"2021- 02- 01","1,116.51","1,118.43","1,120.98","1,115.55","","-0.10%"
"2021- 01- 29","1,117.64","1,113.24","1,121.76","1,112.15","","0.46%"
"2021- 01- 28","1,112.52","1,108.42","1,121.37","1,107.49","","0.37%"
"2021- 01- 27","1,108.38","1,102.01","1,109.90","1,100.87","","0.67%"
"2021- 01- 26","1,101.02","1,102.69","1,108.24","1,100.47","","-0.14%"
"2021- 01- 25","1,102.58","1,105.54","1,105.92","1,100.05","","-0.26%"
"2021- 01- 22","1,105.41","1,099.97","1,107.29","1,098.95","","0.50%"
"2021- 01- 21","1,099.88","1,097.35","1,102.67","1,096.59","","0.32%"
"2021- 01- 20","1,096.35","1,102.44","1,103.39","1,096.88","","-0.46%"
"2021- 01- 19","1,101.44","1,104.18","1,106.17","1,100.21","","-0.10%"
"2021- 01- 18","1,102.52","1,104.26","1,108.42","1,102.28","","-0.07%"
"2021- 01- 15","1,103.27","1,096.04","1,105.34","1,094.93","","0.67%"
"2021- 01- 14","1,095.88","1,098.11","1,103.42","1,093.93","","-0.11%"
"2021- 01- 13","1,097.12","1,094.61","1,099.34","1,092.37","","0.24%"
"2021- 01- 12","1,094.48","1,097.38","1,103.46","1,092.97","","-0.25%"
"2021- 01- 11","1,097.23","1,093.01","1,101.05","1,092.74","","0.39%"
"2021- 01- 08","1,092.93","1,094.35","1,099.21","1,088.79","","-0.12%"
"2021- 01- 07","1,094.28","1,088.03","1,096.78","1,085.42","","0.58%"
"2021- 01- 06","1,087.93","1,087.40","1,089.79","1,083.91","","0.14%"
"2021- 01- 05","1,086.42","1,086.70","1,090.33","1,082.03","","-0.01%"
"2021- 01- 04","1,086.48","1,085.73","1,088.30","1,080.02","","0.16%"
"2021- 01- 01","1,084.73","1,085.70","1,086.11","1,085.25","","0.02%"
"2020- 12- 31","1,084.47","1,088.43","1,090.35","1,082.97","","-0.29%"
"2020- 12- 30","1,087.62","1,091.97","1,093.92","1,084.51","","-0.31%"
"2020- 12- 29","1,090.97","1,097.30","1,098.57","1,090.63","","-0.42%"
"2020- 12- 28","1,095.60","1,100.08","1,103.55","1,093.51","","-0.32%"
"2020- 12- 25","1,099.07","1,102.66","1,102.82","1,100.03","","-0.23%"
"2020- 12- 24","1,101.59","1,106.87","1,107.47","1,100.49","","-0.46%"
"2020- 12- 23","1,106.65","1,109.95","1,111.05","1,104.68","","-0.28%"
"2020- 12- 22","1,109.72","1,104.31","1,111.05","1,102.46","","0.65%"
"2020- 12- 21","1,102.55","1,099.48","1,112.74","1,097.95","","0.29%"
"2020- 12- 18","1,099.39","1,094.01","1,100.78","1,092.35","","0.58%"
"2020- 12- 17","1,093.01","1,094.12","1,095.43","1,090.26","","0.06%"
"2020- 12- 16","1,092.36","1,089.56","1,096.55","1,088.05","","0.27%"
"2020- 12- 15","1,089.43","1,093.32","1,096.14","1,088.49","","-0.33%"
"2020- 12- 14","1,093.07","1,091.80","1,094.91","1,088.85","","0.13%"
"2020- 12- 11","1,091.67","1,087.34","1,094.55","1,085.27","","0.56%"
"2020- 12- 10","1,085.55","1,087.38","1,091.93","1,084.12","","-0.09%"
"2020- 12- 09","1,086.48","1,085.79","1,088.97","1,080.82","","0.15%"
"2020- 12- 08","1,084.86","1,084.53","1,087.79","1,082.49","","0.12%"
"2020- 12- 07","1,083.53","1,083.87","1,088.35","1,080.39","","-0.02%"
"2020- 12- 04","1,083.77","1,092.21","1,093.71","1,080.57","","-0.76%"
"2020- 12- 03","1,092.08","1,100.16","1,101.91","1,089.70","","-0.72%"
"2020- 12- 02","1,100.02","1,106.23","1,107.01","1,099.22","","-0.52%"
"2020- 12- 01","1,105.73","1,109.82","1,110.35","1,105.21","","-0.32%"
"2020- 11- 30","1,109.32","1,105.02","1,110.34","1,103.20","","0.44%"
"2020- 11- 27","1,104.43","1,106.07","1,107.47","1,102.43","","-0.10%"
"2020- 11- 26","1,105.57","1,106.34","1,108.77","1,103.13","","-0.06%"
"2020- 11- 25","1,106.21","1,110.64","1,111.51","1,104.70","","-0.36%"
"2020- 11- 24","1,110.24","1,114.01","1,114.68","1,108.08","","-0.29%"
"2020- 11- 23","1,113.51","1,115.08","1,116.82","1,109.91","","-0.13%"
"2020- 11- 20","1,114.95","1,114.09","1,117.87","1,112.30","","0.12%"
"2020- 11- 19","1,113.59","1,106.67","1,119.09","1,106.09","","0.67%"
"2020- 11- 18","1,106.17","1,105.79","1,107.84","1,101.62","","0.07%"
"2020- 11- 17","1,105.38","1,107.16","1,108.39","1,103.99","","-0.15%"
"2020- 11- 16","1,107.04","1,108.25","1,110.56","1,105.09","","-0.05%"
"2020- 11- 13","1,107.62","1,115.03","1,117.12","1,107.03","","-0.65%"
"2020- 11- 12","1,114.86","1,112.49","1,116.32","1,110.46","","0.22%"
"2020- 11- 11","1,112.39","1,117.21","1,118.13","1,108.93","","-0.42%"
"2020- 11- 10","1,117.07","1,119.45","1,120.29","1,113.61","","-0.18%"
"2020- 11- 09","1,119.06","1,121.91","1,122.35","1,110.42","","-0.21%"
"2020- 11- 06","1,121.40","1,123.38","1,127.18","1,118.45","","-0.13%"
"2020- 11- 05","1,122.88","1,129.66","1,134.41","1,121.60","","-0.42%"
"2020- 11- 04","1,127.65","1,131.39","1,147.83","1,125.47","","-0.32%"
"2020- 11- 03","1,131.32","1,133.11","1,137.16","1,129.79","","-0.14%"
"2020- 11- 02","1,132.95","1,136.61","1,137.60","1,132.59","","-0.31%"
"2020- 10- 30","1,136.49","1,130.56","1,139.16","1,126.24","","0.57%"
"2020- 10- 29","1,130.06","1,135.14","1,136.09","1,130.20","","-0.43%"
"2020- 10- 28","1,134.93","1,129.28","1,138.97","1,126.57","","0.51%"
"2020- 10- 27","1,129.21","1,132.51","1,133.43","1,124.70","","-0.29%"
"2020- 10- 26","1,132.44","1,128.45","1,134.16","1,127.06","","0.40%"
"2020- 10- 23","1,127.95","1,135.14","1,136.94","1,126.23","","-0.60%"
"2020- 10- 22","1,134.74","1,133.07","1,137.55","1,131.96","","0.19%"
"2020- 10- 21","1,132.54","1,138.77","1,140.11","1,130.62","","-0.51%"
"2020- 10- 20","1,138.39","1,140.63","1,141.88","1,137.25","","-0.15%"
"2020- 10- 19","1,140.06","1,142.21","1,143.96","1,137.26","","-0.18%"
"2020- 10- 16","1,142.13","1,145.23","1,148.14","1,140.74","","-0.26%"
"2020- 10- 15","1,145.14","1,147.21","1,149.46","1,141.53","","-0.17%"
"2020- 10- 14","1,147.14","1,148.80","1,150.00","1,142.28","","-0.10%"
"2020- 10- 13","1,148.30","1,148.29","1,151.93","1,144.46","","0.04%"
"2020- 10- 12","1,147.79","1,143.65","1,152.14","1,143.11","","0.37%"
"2020- 10- 09","1,143.52","1,151.22","1,151.87","1,141.86","","-0.66%"
"2020- 10- 08","1,151.11","1,157.38","1,159.32","1,150.43","","-0.53%"
"2020- 10- 07","1,157.26","1,164.87","1,166.57","1,156.14","","-0.61%"
"2020- 10- 06","1,164.37","1,157.29","1,166.07","1,156.42","","0.63%"
"2020- 10- 05","1,157.12","1,166.36","1,167.33","1,156.60","","-0.78%"
"2020- 10- 02","1,166.26","1,162.93","1,168.28","1,162.18","","0.29%"
"2020- 10- 01","1,162.83","1,164.75","1,165.85","1,160.70","","-0.16%"
"2020- 09- 30","1,164.65","1,168.82","1,171.58","1,163.74","","-0.35%"
"2020- 09- 29","1,168.73","1,167.35","1,171.60","1,166.38","","0.16%"
"2020- 09- 28","1,166.85","1,174.45","1,175.24","1,166.80","","-0.64%"
"2020- 09- 25","1,174.32","1,169.60","1,178.03","1,168.36","","0.45%"
"2020- 09- 24","1,169.10","1,170.78","1,176.30","1,167.08","","-0.13%"
"2020- 09- 23","1,170.65","1,163.65","1,172.47","1,160.69","","0.61%"
"2020- 09- 22","1,163.61","1,164.84","1,166.03","1,158.93","","0.00%"
"2020- 09- 21","1,163.61","1,165.00","1,168.32","1,156.46","","-0.10%"
"2020- 09- 18","1,164.81","1,169.70","1,170.78","1,159.40","","-0.38%"
"2020- 09- 17","1,169.20","1,172.97","1,178.18","1,168.43","","-0.31%"
"2020- 09- 16","1,172.88","1,180.26","1,181.93","1,169.90","","-0.58%"
"2020- 09- 15","1,179.76","1,181.89","1,183.53","1,176.74","","-0.15%"
"2020- 09- 14","1,181.51","1,187.99","1,188.86","1,180.22","","-0.54%"
"2020- 09- 11","1,187.89","1,188.21","1,190.27","1,185.60","","-0.02%"
"2020- 09- 10","1,188.11","1,184.92","1,188.73","1,183.88","","0.28%"
"2020- 09- 09","1,184.79","1,190.23","1,191.78","1,184.05","","-0.45%"
"2020- 09- 08","1,190.10","1,187.77","1,190.87","1,185.80","","0.24%"
"2020- 09- 07","1,187.27","1,187.33","1,189.67","1,185.85","","0.00%"
"2020- 09- 04","1,187.30","1,191.73","1,193.22","1,186.94","","-0.35%"
"2020- 09- 03","1,191.48","1,189.63","1,192.56","1,185.47","","0.20%"
"2020- 09- 02","1,189.13","1,185.58","1,191.72","1,184.18","","0.31%"
"2020- 09- 01","1,185.45","1,188.08","1,188.69","1,181.68","","-0.21%"
"2020- 08- 31","1,187.94","1,180.51","1,188.87","1,178.91","","0.63%"
"2020- 08- 28","1,180.48","1,187.57","1,188.29","1,180.03","","-0.59%"
"2020- 08- 27","1,187.44","1,184.79","1,188.51","1,182.82","","0.26%"
"2020- 08- 26","1,184.39","1,187.48","1,188.95","1,184.16","","-0.25%"
"2020- 08- 25","1,187.35","1,189.04","1,190.22","1,184.71","","-0.11%"
"2020- 08- 24","1,188.66","1,192.12","1,193.03","1,186.47","","-0.26%"
"2020- 08- 21","1,191.72","1,185.37","1,193.51","1,183.11","","0.55%"
"2020- 08- 20","1,185.24","1,182.24","1,190.91","1,181.53","","0.30%"
"2020- 08- 19","1,181.74","1,183.79","1,184.58","1,176.04","","-0.08%"
"2020- 08- 18","1,182.70","1,184.14","1,186.70","1,182.89","","-0.04%"
"2020- 08- 17","1,183.19","1,185.90","1,187.26","1,183.63","","-0.32%"
"2020- 08- 14","1,186.94","1,185.15","1,188.05","1,183.92","","0.17%"
"2020- 08- 13","1,184.92","1,183.74","1,186.33","1,181.24","","0.14%"
"2020- 08- 12","1,183.23","1,186.12","1,187.77","1,182.33","","-0.20%"
"2020- 08- 11","1,185.62","1,186.08","1,187.97","1,181.70","","0.00%"
"2020- 08- 10","1,185.58","1,189.19","1,189.64","1,183.90","","-0.26%"
"2020- 08- 07","1,188.68","1,184.00","1,191.28","1,183.08","","0.44%"
"2020- 08- 06","1,183.50","1,186.24","1,187.47","1,182.51","","-0.22%"
"2020- 08- 05","1,186.05","1,193.32","1,193.81","1,183.32","","-0.60%"
"2020- 08- 04","1,193.20","1,192.71","1,197.12","1,191.18","","0.05%"
"2020- 08- 03","1,192.59","1,194.10","1,196.79","1,191.31","","-0.08%"
"2020- 07- 31","1,193.59","1,189.73","1,196.12","1,186.26","","0.33%"
"2020- 07- 30","1,189.62","1,190.04","1,198.22","1,187.59","","-0.01%"
"2020- 07- 29","1,189.79","1,199.54","1,200.05","1,189.76","","-0.81%"
"2020- 07- 28","1,199.46","1,196.07","1,202.16","1,190.10","","0.33%"
"2020- 07- 27","1,195.57","1,201.49","1,202.33","1,194.12","","-0.49%"
"2020- 07- 24","1,201.50","1,201.95","1,204.60","1,198.72","","0.00%"
"2020- 07- 23","1,201.45","1,197.38","1,203.85","1,195.59","","0.35%"
"2020- 07- 22","1,197.22","1,194.03","1,199.91","1,192.29","","0.28%"
"2020- 07- 21","1,193.92","1,201.02","1,202.02","1,192.34","","-0.58%"
"2020- 07- 20","1,200.90","1,203.53","1,206.93","1,200.46","","-0.21%"
"2020- 07- 17","1,203.44","1,205.23","1,207.35","1,202.92","","-0.14%"
"2020- 07- 16","1,205.11","1,201.00","1,207.60","1,200.09","","0.38%"
"2020- 07- 15","1,200.50","1,205.01","1,205.49","1,198.80","","-0.36%"
"2020- 07- 14","1,204.89","1,203.87","1,208.74","1,203.07","","0.13%"
"2020- 07- 13","1,203.37","1,200.52","1,204.49","1,198.70","","0.25%"
"2020- 07- 10","1,200.42","1,197.07","1,206.03","1,196.18","","0.29%"
"2020- 07- 09","1,196.98","1,192.68","1,199.13","1,191.04","","0.41%"
"2020- 07- 08","1,192.05","1,196.84","1,199.53","1,192.09","","-0.39%"
"2020- 07- 07","1,196.75","1,192.04","1,197.78","1,189.24","","0.41%"
"2020- 07- 06","1,191.92","1,199.66","1,200.11","1,191.11","","-0.58%"
"2020- 07- 03","1,198.93","1,199.25","1,202.47","1,197.77","","0.02%"
"2020- 07- 02","1,198.75","1,201.67","1,204.15","1,196.68","","-0.23%"
"2020- 07- 01","1,201.51","1,199.44","1,205.05","1,197.92","","0.19%"
"2020- 06- 30","1,199.28","1,199.66","1,204.68","1,195.09","","0.01%"
"2020- 06- 29","1,199.16","1,203.63","1,205.96","1,197.46","","-0.39%"
"2020- 06- 26","1,203.80","1,202.37","1,204.83","1,197.00","","0.13%"
"2020- 06- 25","1,202.21","1,206.20","1,209.08","1,200.91","","-0.32%"
"2020- 06- 24","1,206.08","1,208.45","1,208.87","1,198.71","","-0.11%"
"2020- 06- 23","1,207.46","1,209.53","1,216.40","1,205.47","","-0.16%"
"2020- 06- 22","1,209.41","1,211.89","1,216.35","1,208.77","","-0.20%"
"2020- 06- 19","1,211.83","1,212.60","1,214.16","1,205.62","","-0.06%"
"2020- 06- 18","1,212.50","1,215.53","1,218.09","1,207.76","","-0.24%"
"2020- 06- 17","1,215.41","1,212.29","1,219.26","1,210.36","","0.30%"
"2020- 06- 16","1,211.79","1,208.65","1,215.22","1,204.10","","0.27%"
"2020- 06- 15","1,208.55","1,203.61","1,217.13","1,203.16","","0.41%"
"2020- 06- 12","1,203.66","1,206.21","1,210.49","1,200.61","","-0.20%"
"2020- 06- 11","1,206.10","1,190.79","1,208.40","1,188.11","","1.30%"
"2020- 06- 10","1,190.67","1,198.52","1,200.79","1,184.24","","-0.65%"
"2020- 06- 09","1,198.40","1,195.90","1,202.93","1,194.99","","0.26%"
"2020- 06- 08","1,195.35","1,201.85","1,205.88","1,193.92","","-0.55%"
"2020- 06- 05","1,202.02","1,216.54","1,218.76","1,200.36","","-1.18%"
"2020- 06- 04","1,216.39","1,215.95","1,220.20","1,212.95","","0.05%"
"2020- 06- 03","1,215.79","1,220.12","1,220.67","1,214.12","","-0.31%"
"2020- 06- 02","1,219.62","1,223.05","1,227.33","1,216.33","","-0.27%"
"2020- 06- 01","1,222.92","1,231.47","1,232.20","1,221.74","","-0.70%"
"2020- 05- 29","1,231.49","1,238.03","1,240.71","1,230.18","","-0.52%"
"2020- 05- 28","1,237.97","1,238.26","1,242.59","1,233.72","","-0.02%"
"2020- 05- 27","1,238.19","1,230.99","1,239.51","1,230.43","","0.59%"
"2020- 05- 26","1,230.90","1,240.95","1,242.71","1,230.11","","-0.77%"
"2020- 05- 25","1,240.45","1,240.56","1,244.89","1,237.62","","-0.01%"
"2020- 05- 22","1,240.59","1,233.27","1,244.51","1,232.82","","0.60%"
"2020- 05- 21","1,233.19","1,227.40","1,234.52","1,226.44","","0.48%"
"2020- 05- 20","1,227.26","1,225.18","1,232.70","1,224.17","","0.18%"
"2020- 05- 19","1,225.04","1,225.27","1,227.55","1,221.06","","-0.01%"
"2020- 05- 18","1,225.13","1,233.09","1,235.04","1,224.44","","-0.61%"
"2020- 05- 15","1,232.69","1,227.53","1,235.59","1,226.30","","0.46%"
"2020- 05- 14","1,227.03","1,227.51","1,234.03","1,226.12","","-0.03%"
"2020- 05- 13","1,227.37","1,226.84","1,229.40","1,222.17","","0.06%"
"2020- 05- 12","1,226.64","1,223.41","1,228.96","1,220.19","","0.31%"
"2020- 05- 11","1,222.91","1,219.70","1,226.18","1,214.18","","0.27%"
"2020- 05- 08","1,219.65","1,220.11","1,221.82","1,214.51","","0.00%"
"2020- 05- 07","1,219.61","1,229.60","1,230.07","1,217.09","","-0.73%"
"2020- 05- 06","1,228.55","1,222.57","1,230.03","1,220.57","","0.50%"
"2020- 05- 05","1,222.47","1,224.18","1,224.82","1,218.20","","-0.14%"
"2020- 05- 04","1,224.14","1,224.80","1,230.53","1,223.36","","-0.06%"
"2020- 05- 01","1,224.89","1,213.94","1,225.87","1,213.10","","0.99%"
"2020- 04- 30","1,212.94","1,211.11","1,215.69","1,203.51","","0.16%"
"2020- 04- 29","1,210.99","1,221.81","1,223.45","1,210.42","","-0.84%"
"2020- 04- 28","1,221.31","1,222.64","1,227.96","1,216.86","","-0.06%"
"2020- 04- 27","1,222.05","1,230.50","1,235.10","1,220.81","","-0.69%"
"2020- 04- 24","1,230.53","1,233.54","1,238.24","1,229.93","","-0.20%"
"2020- 04- 23","1,233.04","1,234.05","1,237.24","1,227.72","","-0.04%"
"2020- 04- 22","1,233.55","1,233.53","1,237.91","1,229.92","","0.08%"
"2020- 04- 21","1,232.56","1,220.62","1,241.83","1,220.12","","0.98%"
"2020- 04- 20","1,220.58","1,216.26","1,222.63","1,214.72","","0.37%"
"2020- 04- 17","1,216.13","1,228.98","1,229.45","1,213.95","","-1.04%"
"2020- 04- 16","1,228.94","1,224.72","1,230.53","1,222.95","","0.35%"
"2020- 04- 15","1,224.68","1,212.50","1,225.77","1,209.62","","1.01%"
"2020- 04- 14","1,212.46","1,215.97","1,219.45","1,211.32","","-0.25%"
"2020- 04- 13","1,215.46","1,212.04","1,221.71","1,211.59","","0.36%"
"2020- 04- 10","1,211.05","1,211.11","1,216.10","1,206.64","","0.04%"
"2020- 04- 09","1,210.58","1,216.26","1,222.37","1,208.67","","-0.43%"
"2020- 04- 08","1,215.76","1,215.43","1,223.19","1,214.09","","0.07%"
"2020- 04- 07","1,214.93","1,224.64","1,225.56","1,208.78","","-0.79%"
"2020- 04- 06","1,224.60","1,236.42","1,239.51","1,223.59","","-0.89%"
"2020- 04- 03","1,235.61","1,227.85","1,240.65","1,224.18","","0.67%"
"2020- 04- 02","1,227.35","1,236.70","1,243.29","1,225.56","","-0.72%"
"2020- 04- 01","1,236.20","1,218.80","1,239.26","1,216.80","","1.47%"
"2020- 03- 31","1,218.30","1,224.71","1,225.22","1,214.28","","-0.48%"
"2020- 03- 30","1,224.21","1,212.73","1,227.21","1,212.18","","0.99%"
"2020- 03- 27","1,212.23","1,213.40","1,227.29","1,205.31","","-0.06%"
"2020- 03- 26","1,212.90","1,233.00","1,235.43","1,212.48","","-1.55%"
"2020- 03- 25","1,232.00","1,234.21","1,239.08","1,226.07","","-0.10%"
"2020- 03- 24","1,233.21","1,273.00","1,273.04","1,232.90","","-3.09%"
"2020- 03- 23","1,272.50","1,254.85","1,283.05","1,254.40","","1.44%"
"2020- 03- 20","1,254.45","1,258.36","1,264.61","1,237.22","","-0.27%"
"2020- 03- 19","1,257.86","1,256.50","1,292.93","1,247.45","","0.11%"
"2020- 03- 18","1,256.46","1,239.76","1,269.15","1,231.60","","1.35%"
"2020- 03- 17","1,239.72","1,232.87","1,247.21","1,232.45","","0.60%"
"2020- 03- 16","1,232.37","1,211.70","1,233.72","1,209.32","","1.74%"
"2020- 03- 13","1,211.28","1,211.21","1,226.77","1,205.49","","0.05%"
"2020- 03- 12","1,210.71","1,192.71","1,214.17","1,191.15","","1.52%"
"2020- 03- 11","1,192.57","1,185.75","1,197.96","1,184.43","","0.59%"
"2020- 03- 10","1,185.60","1,200.94","1,202.30","1,185.03","","-1.27%"
"2020- 03- 09","1,200.88","1,188.70","1,206.60","1,188.60","","1.02%"
"2020- 03- 06","1,188.70","1,188.82","1,194.72","1,184.96","","0.00%"
"2020- 03- 05","1,188.72","1,185.23","1,193.09","1,179.85","","0.34%"
"2020- 03- 04","1,184.73","1,181.00","1,188.98","1,181.00","","0.36%"
"2020- 03- 03","1,180.50","1,189.71","1,196.21","1,178.81","","-0.77%"
"2020- 03- 02","1,189.61","1,200.21","1,207.63","1,188.55","","-0.88%"
"2020- 02- 28","1,200.20","1,212.68","1,218.57","1,199.59","","-1.03%"
"2020- 02- 27","1,212.63","1,212.81","1,218.82","1,206.76","","0.03%"
"2020- 02- 26","1,212.31","1,216.04","1,220.63","1,211.83","","-0.27%"
"2020- 02- 25","1,215.54","1,219.17","1,220.33","1,208.84","","-0.29%"
"2020- 02- 24","1,219.08","1,206.97","1,222.97","1,206.97","","1.01%"
"2020- 02- 21","1,206.91","1,205.21","1,215.26","1,202.95","","0.18%"
"2020- 02- 20","1,204.71","1,193.00","1,208.99","1,191.42","","1.02%"
"2020- 02- 19","1,192.50","1,191.05","1,193.90","1,187.50","","0.13%"
"2020- 02- 18","1,190.95","1,185.38","1,192.49","1,184.28","","0.48%"
"2020- 02- 17","1,185.25","1,183.44","1,185.88","1,179.19","","0.24%"
"2020- 02- 14","1,182.46","1,184.59","1,185.85","1,180.49","","-0.09%"
"2020- 02- 13","1,183.58","1,179.51","1,185.01","1,178.24","","0.43%"
"2020- 02- 12","1,178.51","1,182.29","1,184.21","1,176.07","","-0.23%"
"2020- 02- 11","1,181.25","1,188.17","1,188.58","1,180.42","","-0.50%"
"2020- 02- 10","1,187.17","1,192.39","1,194.50","1,185.33","","-0.35%"
"2020- 02- 07","1,191.39","1,186.28","1,196.29","1,184.72","","0.52%"
"2020- 02- 06","1,185.28","1,184.40","1,186.77","1,177.71","","0.16%"
"2020- 02- 05","1,183.40","1,183.90","1,192.90","1,180.18","","0.04%"
"2020- 02- 04","1,182.90","1,190.81","1,194.28","1,183.24","","-0.58%"
"2020- 02- 03","1,189.79","1,195.96","1,199.44","1,190.17","","-0.43%"
"2020- 01- 31","1,194.97","1,188.64","1,198.55","1,183.88","","0.62%"
"2020- 01- 30","1,187.64","1,179.68","1,193.67","1,178.22","","0.76%"
"2020- 01- 29","1,178.68","1,176.21","1,180.43","1,173.74","","0.25%"
"2020- 01- 28","1,175.71","1,177.70","1,181.88","1,174.97","","-0.08%"
"2020- 01- 27","1,176.70","1,170.24","1,179.72","1,170.10","","0.64%"
"2020- 01- 24","1,169.20","1,168.60","1,171.05","1,166.01","","0.06%"
"2020- 01- 23","1,168.54","1,165.76","1,170.76","1,164.29","","0.32%"
"2020- 01- 22","1,164.76","1,170.01","1,170.20","1,162.01","","-0.36%"
"2020- 01- 21","1,169.01","1,159.61","1,170.77","1,157.94","","0.90%"
"2020- 01- 20","1,158.61","1,161.46","1,162.20","1,155.87","","-0.16%"
"2020- 01- 17","1,160.44","1,160.73","1,161.93","1,155.97","","0.06%"
"2020- 01- 16","1,159.73","1,158.91","1,161.97","1,156.50","","0.16%"
"2020- 01- 15","1,157.91","1,158.20","1,162.80","1,155.85","","0.06%"
"2020- 01- 14","1,157.20","1,154.95","1,159.66","1,150.30","","0.28%"
"2020- 01- 13","1,153.95","1,158.92","1,159.58","1,153.13","","-0.35%"
"2020- 01- 10","1,157.97","1,159.73","1,164.16","1,157.55","","-0.06%"
"2020- 01- 09","1,158.72","1,162.49","1,163.55","1,157.41","","-0.30%"
"2020- 01- 08","1,162.25","1,168.30","1,179.67","1,160.50","","-0.43%"
"2020- 01- 07","1,167.30","1,167.54","1,168.83","1,163.12","","0.03%"
"2020- 01- 06","1,166.94","1,165.89","1,172.99","1,165.78","","0.17%"
"2020- 01- 03","1,164.95","1,157.95","1,168.83","1,155.70","","0.66%"
"2020- 01- 02","1,157.35","1,155.02","1,161.15","1,153.49","","0.29%"
"2020- 01- 01","1,154.02","1,155.07","1,155.32","1,154.09","","0.00%"