"Date","Price","Open","High","Low","Vol.","Change %"
"12/31/2024","2,623.81","2,606.13","2,627.85","2,602.50","","0.71%"
"12/30/2024","2,605.39","2,620.30","2,628.61","2,595.90","","-0.56%"
"12/27/2024","2,620.00","2,634.59","2,638.74","2,611.30","","-0.55%"
"12/26/2024","2,634.43","2,619.79","2,639.40","2,614.13","","0.81%"
"12/24/2024","2,613.20","2,613.07","2,621.83","2,609.92","","0.01%"
"12/23/2024","2,612.93","2,622.24","2,633.60","2,607.97","","-0.30%"
"12/20/2024","2,620.77","2,593.97","2,631.92","2,589.56","","1.04%"
"12/19/2024","2,593.85","2,587.87","2,626.73","2,583.49","","0.24%"
"12/18/2024","2,587.63","2,645.68","2,652.08","2,586.52","","-2.19%"
"12/17/2024","2,645.54","2,652.63","2,659.22","2,633.00","","-0.26%"
"12/16/2024","2,652.50","2,649.10","2,664.83","2,643.34","","0.16%"
"12/13/2024","2,648.39","2,681.47","2,693.02","2,645.90","","-1.23%"
"12/12/2024","2,681.33","2,718.07","2,726.31","2,675.04","","-1.35%"
"12/11/2024","2,717.93","2,693.76","2,721.35","2,674.58","","0.90%"
"12/10/2024","2,693.64","2,658.82","2,695.79","2,657.95","","1.31%"
"12/09/2024","2,658.78","2,635.52","2,676.52","2,627.47","","0.98%"
"12/06/2024","2,632.91","2,632.18","2,645.69","2,613.57","","0.03%"
"12/05/2024","2,632.05","2,649.92","2,655.62","2,623.55","","-0.67%"
"12/04/2024","2,649.79","2,643.57","2,657.36","2,632.50","","0.24%"
"12/03/2024","2,643.44","2,639.05","2,655.71","2,634.12","121.32K","0.17%"
"12/02/2024","2,638.93","2,653.82","2,656.21","2,621.90","","-0.55%"
"11/29/2024","2,653.55","2,641.20","2,666.35","2,634.11","","0.48%"
"11/28/2024","2,640.96","2,635.74","2,650.12","2,620.95","","0.21%"
"11/27/2024","2,635.51","2,632.16","2,658.40","2,627.06","","0.14%"
"11/26/2024","2,631.89","2,625.38","2,642.05","2,605.29","","0.25%"
"11/25/2024","2,625.26","2,715.10","2,721.43","2,615.70","","-3.22%"
"11/22/2024","2,712.55","2,669.84","2,712.91","2,667.38","","1.61%"
"11/21/2024","2,669.69","2,650.19","2,673.86","2,647.95","","0.74%"
"11/20/2024","2,650.05","2,631.80","2,655.50","2,618.70","","0.70%"
"11/19/2024","2,631.68","2,612.29","2,639.69","2,610.25","","0.75%"
"11/18/2024","2,612.20","2,561.59","2,615.17","2,561.59","","1.99%"
"11/15/2024","2,561.24","2,566.54","2,576.09","2,554.58","","-0.19%"
"11/14/2024","2,566.19","2,573.91","2,581.61","2,536.91","","-0.29%"
"11/13/2024","2,573.78","2,597.41","2,618.97","2,573.00","","-0.90%"
"11/12/2024","2,597.27","2,620.31","2,627.24","2,589.79","","-0.88%"
"11/11/2024","2,620.20","2,684.81","2,686.51","2,610.62","","-2.37%"
"11/08/2024","2,683.77","2,707.37","2,710.51","2,680.36","","-0.86%"
"11/07/2024","2,706.99","2,659.36","2,710.20","2,643.50","","1.80%"
"11/06/2024","2,659.24","2,743.88","2,749.80","2,652.44","","-3.07%"
"11/05/2024","2,743.59","2,736.58","2,750.06","2,724.75","","0.26%"
"11/04/2024","2,736.39","2,734.10","2,748.30","2,729.78","","0.05%"
"11/01/2024","2,735.16","2,742.50","2,762.29","2,733.20","","-0.32%"
"10/31/2024","2,743.80","2,787.75","2,790.41","2,731.65","","-1.52%"
"10/30/2024","2,786.19","2,775.01","2,790.09","2,770.65","","0.40%"
"10/29/2024","2,775.13","2,743.70","2,775.89","2,739.82","","1.21%"
"10/28/2024","2,741.98","2,734.84","2,746.06","2,724.72","","-0.21%"
"10/25/2024","2,747.69","2,736.10","2,747.97","2,716.97","","0.44%"
"10/24/2024","2,735.70","2,717.99","2,743.38","2,715.72","","0.67%"
"10/23/2024","2,717.54","2,749.52","2,758.53","2,708.79","","-1.12%"
"10/22/2024","2,748.38","2,720.00","2,749.47","2,718.93","","1.06%"
"10/21/2024","2,719.65","2,721.71","2,740.61","2,714.23","","-0.02%"
"10/18/2024","2,720.25","2,692.41","2,722.87","2,691.48","","1.03%"
"10/17/2024","2,692.55","2,674.05","2,696.80","2,673.00","","0.72%"
"10/16/2024","2,673.24","2,663.00","2,685.73","2,658.71","","0.46%"
"10/15/2024","2,660.99","2,651.75","2,669.07","2,638.31","","0.37%"
"10/14/2024","2,651.05","2,657.21","2,666.94","2,643.16","","-0.19%"
"10/11/2024","2,656.00","2,630.80","2,661.55","2,627.65","","1.01%"
"10/10/2024","2,629.48","2,608.14","2,631.63","2,604.15","","0.83%"
"10/09/2024","2,607.77","2,620.19","2,624.65","2,605.18","","-0.54%"
"10/08/2024","2,621.94","2,643.50","2,653.09","2,604.79","","-0.82%"
"10/07/2024","2,643.58","2,651.20","2,659.91","2,637.70","","-0.33%"
"10/04/2024","2,652.25","2,654.39","2,670.15","2,632.00","","-0.14%"
"10/03/2024","2,655.90","2,658.66","2,663.40","2,639.73","","-0.07%"
"10/02/2024","2,657.75","2,661.15","2,663.85","2,641.18","","-0.19%"
"10/01/2024","2,662.82","2,635.41","2,673.20","2,631.98","","1.08%"
"09/30/2024","2,634.49","2,658.30","2,666.11","2,624.78","","-0.88%"
"09/27/2024","2,657.97","2,669.50","2,674.40","2,643.15","","-0.46%"
"09/26/2024","2,670.20","2,657.32","2,685.96","2,654.56","","0.50%"
"09/25/2024","2,656.82","2,655.90","2,670.60","2,649.84","","0.00%"
"09/24/2024","2,656.70","2,628.92","2,664.47","2,622.58","","1.08%"
"09/23/2024","2,628.40","2,621.81","2,635.54","2,613.60","","0.25%"
"09/20/2024","2,621.96","2,587.50","2,625.79","2,584.81","","1.37%"
"09/19/2024","2,586.48","2,559.07","2,594.89","2,551.26","","1.08%"
"09/18/2024","2,558.80","2,571.73","2,600.21","2,546.98","","-0.42%"
"09/17/2024","2,569.52","2,582.46","2,587.01","2,560.84","","-0.51%"
"09/16/2024","2,582.58","2,578.06","2,589.78","2,575.40","","0.24%"
"09/13/2024","2,576.50","2,556.52","2,586.18","2,556.52","","0.69%"
"09/12/2024","2,558.75","2,512.02","2,560.21","2,511.02","","1.88%"
"09/11/2024","2,511.44","2,515.70","2,529.40","2,501.01","","-0.19%"
"09/10/2024","2,516.12","2,506.84","2,518.57","2,500.16","","0.43%"
"09/09/2024","2,505.25","2,497.32","2,507.42","2,485.60","","0.33%"
"09/06/2024","2,497.03","2,516.90","2,529.30","2,485.15","","-0.77%"
"09/05/2024","2,516.32","2,495.50","2,523.54","2,493.76","","0.89%"
"09/04/2024","2,494.19","2,492.94","2,500.20","2,471.95","","0.06%"
"09/03/2024","2,492.76","2,500.50","2,506.44","2,473.25","","-0.26%"
"09/02/2024","2,499.29","2,502.74","2,507.50","2,490.14","","-0.15%"
"08/30/2024","2,503.03","2,520.89","2,527.07","2,494.36","","-0.72%"
"08/29/2024","2,521.18","2,504.65","2,528.77","2,503.65","","0.76%"
"08/28/2024","2,502.25","2,522.74","2,529.15","2,493.66","","-0.88%"
"08/27/2024","2,524.57","2,518.30","2,526.27","2,503.41","","0.31%"
"08/26/2024","2,516.89","2,511.43","2,527.76","2,508.71","","0.19%"
"08/23/2024","2,512.07","2,482.20","2,518.45","2,481.20","","1.16%"
"08/22/2024","2,483.29","2,512.50","2,514.82","2,470.86","","-1.14%"
"08/21/2024","2,511.95","2,512.82","2,520.09","2,494.15","","-0.07%"
"08/20/2024","2,513.74","2,501.55","2,532.05","2,497.33","","0.39%"
"08/19/2024","2,503.92","2,508.40","2,510.45","2,485.83","","-0.13%"
"08/16/2024","2,507.28","2,456.57","2,509.89","2,450.76","","2.08%"
"08/15/2024","2,456.10","2,448.15","2,470.25","2,432.19","","0.35%"
"08/14/2024","2,447.64","2,467.40","2,478.49","2,438.12","","-0.71%"
"08/13/2024","2,465.03","2,472.64","2,477.02","2,458.50","","-0.29%"
"08/12/2024","2,472.25","2,431.21","2,473.48","2,423.84","","1.70%"
"08/09/2024","2,430.93","2,427.29","2,437.15","2,416.93","","0.17%"
"08/08/2024","2,426.75","2,382.43","2,427.80","2,380.70","","1.90%"
"08/07/2024","2,381.53","2,389.67","2,407.05","2,379.05","","-0.33%"
"08/06/2024","2,389.37","2,410.01","2,418.35","2,381.79","","-0.76%"
"08/05/2024","2,407.65","2,443.27","2,458.80","2,364.40","","-1.46%"
"08/02/2024","2,443.29","2,445.16","2,477.72","2,410.83","","-0.09%"
"08/01/2024","2,445.42","2,448.10","2,462.40","2,430.25","","-0.11%"
"07/31/2024","2,448.10","2,410.09","2,451.00","2,410.17","","1.65%"
"07/30/2024","2,408.43","2,383.66","2,413.00","2,376.51","","1.04%"
"07/29/2024","2,383.54","2,387.20","2,403.23","2,369.77","","-0.09%"
"07/26/2024","2,385.57","2,364.30","2,390.82","2,355.89","","0.89%"
"07/25/2024","2,364.50","2,398.49","2,401.32","2,353.19","","-1.38%"
"07/24/2024","2,397.59","2,408.94","2,432.05","2,396.50","","-0.48%"
"07/23/2024","2,409.21","2,396.80","2,412.15","2,388.26","","0.48%"
"07/22/2024","2,397.65","2,400.41","2,412.32","2,384.00","","-0.13%"
"07/19/2024","2,400.79","2,445.34","2,446.29","2,393.92","","-1.81%"
"07/18/2024","2,444.97","2,460.13","2,475.02","2,440.41","","-0.55%"
"07/17/2024","2,458.38","2,476.22","2,483.78","2,451.60","","-0.41%"
"07/16/2024","2,468.57","2,424.80","2,469.91","2,423.54","","1.92%"
"07/15/2024","2,422.07","2,409.50","2,439.74","2,401.35","","0.45%"
"07/12/2024","2,411.27","2,416.47","2,418.37","2,391.52","","-0.15%"
"07/11/2024","2,414.78","2,371.58","2,424.62","2,370.83","","1.84%"
"07/10/2024","2,371.07","2,363.80","2,386.75","2,362.73","","0.32%"
"07/09/2024","2,363.58","2,358.60","2,371.52","2,349.59","","0.20%"
"07/08/2024","2,358.80","2,391.77","2,391.85","2,351.16","","-1.37%"
"07/05/2024","2,391.46","2,358.01","2,393.04","2,354.03","","1.50%"
"07/04/2024","2,356.12","2,353.70","2,362.64","2,350.76","","0.00%"
"07/03/2024","2,356.06","2,328.00","2,365.06","2,326.93","","1.15%"
"07/02/2024","2,329.28","2,332.05","2,336.90","2,319.24","","-0.10%"
"07/01/2024","2,331.70","2,326.46","2,338.72","2,318.55","","0.26%"
"06/28/2024","2,325.71","2,327.75","2,339.79","2,319.15","","-0.07%"
"06/27/2024","2,327.45","2,299.80","2,331.00","2,296.50","","1.29%"
"06/26/2024","2,297.91","2,320.00","2,323.95","2,293.70","","-0.91%"
"06/25/2024","2,319.01","2,333.25","2,337.26","2,315.56","","-0.60%"
"06/24/2024","2,332.93","2,321.60","2,335.02","2,317.37","","0.54%"
"06/21/2024","2,320.34","2,360.30","2,368.85","2,316.76","","-1.66%"
"06/20/2024","2,359.63","2,329.15","2,365.52","2,327.30","","1.38%"
"06/19/2024","2,327.48","2,329.79","2,335.10","2,323.84","","-0.04%"
"06/18/2024","2,328.33","2,319.38","2,333.25","2,306.63","","0.41%"
"06/17/2024","2,318.87","2,332.20","2,333.48","2,310.02","","-0.59%"
"06/14/2024","2,332.52","2,302.52","2,336.87","2,301.35","","1.27%"
"06/13/2024","2,303.19","2,325.70","2,326.70","2,295.68","","-0.83%"
"06/12/2024","2,322.55","2,315.53","2,341.70","2,310.80","","0.27%"
"06/11/2024","2,316.27","2,311.00","2,320.17","2,297.69","","0.25%"
"06/10/2024","2,310.60","2,296.00","2,313.87","2,287.31","","0.78%"
"06/07/2024","2,292.71","2,376.50","2,387.85","2,286.77","","-3.49%"
"06/06/2024","2,375.61","2,355.16","2,378.57","2,353.60","","0.88%"
"06/05/2024","2,354.78","2,328.00","2,358.07","2,325.88","","1.16%"
"06/04/2024","2,327.68","2,349.00","2,351.76","2,315.53","","-0.96%"
"06/03/2024","2,350.35","2,329.61","2,354.82","2,314.76","","1.00%"
"05/31/2024","2,326.97","2,345.07","2,353.24","2,323.96","","-0.68%"
"05/30/2024","2,343.00","2,339.67","2,351.83","2,322.72","","0.18%"
"05/29/2024","2,338.77","2,361.00","2,362.86","2,334.75","","-0.94%"
"05/28/2024","2,360.95","2,352.29","2,364.12","2,340.17","","0.43%"
"05/27/2024","2,350.74","2,334.50","2,358.56","2,332.36","","0.73%"
"05/24/2024","2,333.76","2,328.40","2,347.54","2,325.40","","0.23%"
"05/23/2024","2,328.37","2,378.60","2,383.86","2,327.00","","-2.10%"
"05/22/2024","2,378.25","2,423.75","2,426.64","2,374.98","","-1.79%"
"05/21/2024","2,421.64","2,426.84","2,434.00","2,406.32","","-0.14%"
"05/20/2024","2,425.12","2,415.02","2,450.13","2,407.34","","0.42%"
"05/17/2024","2,414.89","2,376.81","2,422.87","2,373.96","","1.62%"
"05/16/2024","2,376.44","2,386.42","2,397.44","2,371.01","","-0.40%"
"05/15/2024","2,386.04","2,358.20","2,390.36","2,351.82","","1.19%"
"05/14/2024","2,357.97","2,338.20","2,359.83","2,334.55","","0.94%"
"05/13/2024","2,336.05","2,362.70","2,364.94","2,332.34","","-1.02%"
"05/10/2024","2,360.14","2,346.26","2,378.45","2,345.25","","0.61%"
"05/09/2024","2,345.88","2,309.04","2,347.59","2,306.67","","1.61%"
"05/08/2024","2,308.65","2,314.70","2,321.56","2,303.85","","-0.22%"
"05/07/2024","2,313.79","2,322.50","2,330.06","2,310.06","","-0.42%"
"05/06/2024","2,323.57","2,302.50","2,331.99","2,291.79","","0.96%"
"05/03/2024","2,301.56","2,303.20","2,321.64","2,277.47","","-0.08%"
"05/02/2024","2,303.29","2,319.89","2,326.57","2,285.58","","-0.63%"
"05/01/2024","2,317.90","2,285.91","2,328.40","2,281.66","","1.41%"
"04/30/2024","2,285.57","2,335.10","2,336.54","2,284.94","","-2.09%"
"04/29/2024","2,334.44","2,337.50","2,346.85","2,320.08","","-0.14%"
"04/26/2024","2,337.72","2,332.16","2,352.62","2,326.30","","0.25%"
"04/25/2024","2,331.78","2,316.20","2,344.86","2,305.28","","0.69%"
"04/24/2024","2,315.82","2,322.19","2,337.16","2,311.90","","-0.26%"
"04/23/2024","2,321.81","2,326.62","2,334.48","2,291.40","","-0.19%"
"04/22/2024","2,326.29","2,388.20","2,388.72","2,325.29","","-2.68%"
"04/19/2024","2,390.45","2,378.60","2,417.79","2,372.96","","0.51%"
"04/18/2024","2,378.25","2,360.74","2,392.84","2,360.70","","0.74%"
"04/17/2024","2,360.81","2,383.20","2,395.63","2,354.84","","-0.92%"
"04/16/2024","2,382.83","2,382.86","2,398.34","2,362.95","","0.01%"
"04/15/2024","2,382.51","2,343.86","2,387.59","2,324.59","","1.67%"
"04/12/2024","2,343.43","2,373.59","2,431.53","2,333.90","","-1.26%"
"04/11/2024","2,373.24","2,333.17","2,377.80","2,325.84","","1.73%"
"04/10/2024","2,332.79","2,352.91","2,360.15","2,319.54","","-0.84%"
"04/09/2024","2,352.58","2,339.24","2,365.34","2,336.94","","0.59%"
"04/08/2024","2,338.89","2,322.00","2,354.09","2,302.86","","0.40%"
"04/05/2024","2,329.50","2,289.88","2,330.34","2,267.85","","1.75%"
"04/04/2024","2,289.43","2,299.62","2,305.31","2,280.15","","-0.42%"
"04/03/2024","2,299.17","2,279.57","2,301.22","2,265.50","","0.84%"
"04/02/2024","2,280.10","2,250.88","2,281.17","2,246.79","","1.32%"
"04/01/2024","2,250.36","2,239.59","2,265.86","2,228.54","","0.81%"
"03/28/2024","2,232.38","2,194.19","2,235.90","2,187.33","","1.75%"
"03/27/2024","2,194.02","2,179.03","2,197.71","2,173.59","","0.71%"
"03/26/2024","2,178.58","2,171.82","2,200.15","2,167.75","","0.33%"
"03/25/2024","2,171.45","2,165.79","2,181.30","2,163.50","","0.34%"
"03/22/2024","2,164.15","2,181.50","2,186.25","2,157.15","","-0.76%"
"03/21/2024","2,180.81","2,186.00","2,222.90","2,166.50","","-0.24%"
"03/20/2024","2,185.96","2,158.29","2,188.90","2,149.60","","1.33%"
"03/19/2024","2,157.23","2,160.70","2,162.93","2,146.90","","-0.13%"
"03/18/2024","2,159.99","2,156.00","2,163.64","2,146.05","","0.21%"
"03/15/2024","2,155.54","2,162.40","2,173.25","2,155.19","","-0.25%"
"03/14/2024","2,161.01","2,174.29","2,177.10","2,152.86","","-0.62%"
"03/13/2024","2,174.40","2,158.25","2,179.91","2,155.54","","0.76%"
"03/12/2024","2,157.99","2,183.00","2,184.86","2,150.59","","-1.12%"
"03/11/2024","2,182.47","2,177.71","2,189.04","2,174.80","","0.23%"
"03/08/2024","2,177.51","2,159.40","2,195.20","2,154.08","","0.85%"
"03/07/2024","2,159.16","2,148.54","2,164.54","2,144.29","","0.51%"
"03/06/2024","2,148.29","2,127.95","2,152.29","2,123.65","","0.98%"
"03/05/2024","2,127.55","2,115.15","2,142.15","2,110.52","","0.59%"
"03/04/2024","2,114.99","2,082.09","2,119.95","2,079.45","","1.52%"
"03/01/2024","2,083.39","2,043.44","2,088.40","2,038.55","","1.96%"
"02/29/2024","2,043.24","2,034.92","2,050.79","2,027.75","","0.42%"
"02/28/2024","2,034.62","2,030.05","2,038.30","2,024.56","","0.25%"
"02/27/2024","2,029.64","2,030.99","2,039.99","2,028.78","","-0.05%"
"02/26/2024","2,030.66","2,034.49","2,037.59","2,025.10","","-0.25%"
"02/23/2024","2,035.72","2,024.49","2,041.43","2,015.55","","0.57%"
"02/22/2024","2,024.11","2,025.24","2,034.84","2,019.70","","-0.04%"
"02/21/2024","2,024.99","2,023.80","2,032.22","2,020.19","","0.07%"
"02/20/2024","2,023.53","2,017.99","2,030.96","2,015.02","","0.29%"
"02/19/2024","2,017.63","2,013.16","2,023.34","2,011.57","","0.22%"
"02/16/2024","2,013.10","2,004.40","2,015.25","1,995.26","","0.45%"
"02/15/2024","2,004.09","1,992.69","2,008.49","1,990.25","","0.59%"
"02/14/2024","1,992.39","1,992.55","1,996.14","1,984.30","","0.01%"
"02/13/2024","1,992.13","2,019.90","2,030.05","1,990.19","","-1.37%"
"02/12/2024","2,019.79","2,024.53","2,028.09","2,011.91","","-0.22%"
"02/09/2024","2,024.16","2,033.65","2,037.44","2,020.30","","-0.44%"
"02/08/2024","2,033.18","2,034.55","2,038.94","2,019.75","","-0.05%"
"02/07/2024","2,034.22","2,035.90","2,044.65","2,030.65","","-0.06%"
"02/06/2024","2,035.46","2,024.99","2,039.02","2,022.55","","0.53%"
"02/05/2024","2,024.67","2,039.91","2,042.32","2,014.40","","-0.68%"
"02/02/2024","2,038.59","2,055.09","2,058.20","2,027.45","","-0.79%"
"02/01/2024","2,054.89","2,037.59","2,065.42","2,029.55","","0.87%"
"01/31/2024","2,037.19","2,036.58","2,056.08","2,031.00","","0.05%"
"01/30/2024","2,036.12","2,031.97","2,048.48","2,029.19","","0.21%"
"01/29/2024","2,031.75","2,019.40","2,037.75","2,017.38","","0.66%"
"01/26/2024","2,018.34","2,019.94","2,026.80","2,015.97","","-0.07%"
"01/25/2024","2,019.75","2,012.84","2,025.27","2,010.15","","0.36%"
"01/24/2024","2,012.59","2,028.94","2,036.74","2,011.28","","-0.79%"
"01/23/2024","2,028.69","2,021.24","2,037.92","2,019.59","","0.38%"
"01/22/2024","2,020.99","2,029.90","2,032.28","2,016.74","","-0.40%"
"01/19/2024","2,029.09","2,023.05","2,039.49","2,020.37","","0.32%"
"01/18/2024","2,022.67","2,006.09","2,023.45","2,005.43","","0.85%"
"01/17/2024","2,005.72","2,027.90","2,033.05","2,001.91","","-1.08%"
"01/16/2024","2,027.59","2,054.91","2,055.65","2,024.29","","-1.31%"
"01/15/2024","2,054.49","2,048.09","2,059.25","2,045.80","","0.28%"
"01/12/2024","2,048.72","2,028.30","2,062.35","2,027.99","","1.02%"
"01/11/2024","2,028.09","2,023.74","2,039.69","2,013.32","","0.23%"
"01/10/2024","2,023.40","2,029.94","2,040.44","2,020.45","","-0.31%"
"01/09/2024","2,029.59","2,028.40","2,042.09","2,026.11","","0.09%"
"01/08/2024","2,027.84","2,044.08","2,046.71","2,016.84","","-0.86%"
"01/05/2024","2,045.50","2,043.69","2,064.03","2,024.49","","0.11%"
"01/04/2024","2,043.26","2,041.34","2,051.40","2,036.24","","0.12%"
"01/03/2024","2,040.78","2,059.15","2,066.12","2,030.68","","-0.88%"
"01/02/2024","2,058.88","2,062.90","2,079.02","2,056.04","","-0.24%"
"01/01/2024","2,063.80","2,064.24","2,074.90","2,063.30","","0.06%"
"12/29/2023","2,062.59","2,065.15","2,075.15","2,057.75","","-0.11%"
"12/28/2023","2,064.86","2,077.34","2,088.54","2,065.89","","-0.59%"
"12/27/2023","2,077.16","2,066.70","2,084.59","2,061.00","","0.51%"
"12/26/2023","2,066.60","2,055.73","2,068.65","2,053.59","","0.57%"
"12/25/2023","2,054.93","2,054.32","2,058.36","2,053.96","","0.10%"
"12/22/2023","2,052.98","2,045.84","2,070.65","2,045.65","","0.37%"
"12/21/2023","2,045.49","2,029.44","2,046.07","2,029.44","","0.80%"
"12/20/2023","2,029.19","2,040.34","2,043.94","2,029.37","","-0.54%"
"12/19/2023","2,040.12","2,027.30","2,047.07","2,021.74","","0.65%"
"12/18/2023","2,027.00","2,020.09","2,033.71","2,015.99","","0.44%"
"12/15/2023","2,018.19","2,035.80","2,045.55","2,015.68","","-0.85%"
"12/14/2023","2,035.53","2,026.59","2,047.98","2,024.33","","0.45%"
"12/13/2023","2,026.39","1,979.74","2,027.55","1,973.09","","2.37%"
"12/12/2023","1,979.44","1,981.59","1,996.80","1,977.19","","-0.09%"
"12/11/2023","1,981.30","2,003.60","2,008.72","1,975.95","","-1.10%"
"12/08/2023","2,003.39","2,028.69","2,034.19","1,994.74","","-1.23%"
"12/07/2023","2,028.34","2,025.30","2,039.93","2,020.26","","0.17%"
"12/06/2023","2,024.90","2,019.74","2,036.30","2,017.27","","0.27%"
"12/05/2023","2,019.42","2,030.15","2,041.33","2,010.02","","-0.51%"
"12/04/2023","2,029.74","2,071.25","2,135.90","2,020.34","","-1.99%"
"12/01/2023","2,070.90","2,034.49","2,075.34","2,033.75","","1.73%"
"11/30/2023","2,035.75","2,044.80","2,047.59","2,031.84","","-0.43%"
"11/29/2023","2,044.59","2,041.24","2,052.09","2,035.05","","0.18%"
"11/28/2023","2,040.89","2,013.94","2,043.00","2,011.60","","1.35%"
"11/27/2023","2,013.64","2,002.78","2,018.14","2,000.67","","0.58%"
"11/24/2023","2,001.97","1,994.06","2,003.68","1,991.40","","0.51%"
"11/23/2023","1,991.79","1,990.15","1,999.19","1,989.01","","0.10%"
"11/22/2023","1,989.72","1,998.69","2,006.90","1,986.89","","-0.43%"
"11/21/2023","1,998.37","1,977.49","2,007.52","1,977.34","","1.07%"
"11/20/2023","1,977.19","1,980.39","1,985.26","1,965.20","","-0.14%"
"11/17/2023","1,980.01","1,981.21","1,993.94","1,978.59","","-0.04%"
"11/16/2023","1,980.85","1,959.44","1,988.03","1,956.49","","1.11%"
"11/15/2023","1,959.09","1,963.05","1,975.59","1,955.41","","-0.18%"
"11/14/2023","1,962.67","1,946.19","1,970.84","1,943.40","","0.86%"
"11/13/2023","1,945.89","1,937.05","1,949.27","1,931.73","","0.47%"
"11/10/2023","1,936.79","1,958.40","1,960.93","1,933.18","","-1.09%"
"11/09/2023","1,958.19","1,950.09","1,965.69","1,944.30","","0.43%"
"11/08/2023","1,949.79","1,968.84","1,971.12","1,947.48","","-0.95%"
"11/07/2023","1,968.40","1,978.19","1,978.75","1,956.20","","-0.47%"
"11/06/2023","1,977.68","1,992.30","1,993.30","1,977.52","","-0.73%"
"11/03/2023","1,992.27","1,985.69","2,004.06","1,983.26","","0.34%"
"11/02/2023","1,985.51","1,983.53","1,991.49","1,978.90","","0.17%"
"11/01/2023","1,982.15","1,983.01","1,992.09","1,969.90","","-0.03%"
"10/31/2023","1,982.70","1,996.00","2,007.80","1,978.90","","-0.66%"
"10/30/2023","1,995.88","2,004.80","2,007.37","1,990.50","","-0.49%"
"10/27/2023","2,005.78","1,985.17","2,009.48","1,976.35","","1.06%"
"10/26/2023","1,984.82","1,979.97","1,994.05","1,971.60","","0.26%"
"10/25/2023","1,979.62","1,971.36","1,987.19","1,963.34","","0.48%"
"10/24/2023","1,970.11","1,972.97","1,980.99","1,953.50","","-0.13%"
"10/23/2023","1,972.59","1,972.90","1,983.40","1,964.36","","-0.43%"
"10/20/2023","1,981.04","1,974.31","1,997.27","1,971.93","","0.37%"
"10/19/2023","1,973.70","1,947.99","1,977.86","1,945.18","","1.34%"
"10/18/2023","1,947.69","1,923.70","1,962.74","1,923.05","","1.28%"
"10/17/2023","1,923.07","1,920.14","1,931.56","1,911.85","","0.19%"
"10/16/2023","1,919.44","1,929.30","1,931.80","1,907.65","","-0.63%"
"10/13/2023","1,931.70","1,869.02","1,933.76","1,868.94","","3.37%"
"10/12/2023","1,868.65","1,874.10","1,885.30","1,866.92","","-0.26%"
"10/11/2023","1,873.61","1,859.99","1,877.22","1,858.60","","0.73%"
"10/10/2023","1,860.09","1,861.27","1,865.65","1,852.65","","-0.04%"
"10/09/2023","1,860.88","1,832.74","1,864.15","1,832.63","","1.56%"
"10/06/2023","1,832.26","1,820.40","1,834.97","1,810.10","","0.67%"
"10/05/2023","1,820.01","1,820.49","1,829.30","1,812.70","","-0.06%"
"10/04/2023","1,821.08","1,824.30","1,831.05","1,816.15","","-0.10%"
"10/03/2023","1,822.81","1,827.96","1,833.36","1,814.70","","-0.25%"
"10/02/2023","1,827.40","1,848.13","1,849.06","1,826.60","","-1.13%"
"09/29/2023","1,848.31","1,865.43","1,880.24","1,846.34","","-0.87%"
"09/28/2023","1,864.56","1,875.73","1,880.15","1,857.76","","-0.54%"
"09/27/2023","1,874.70","1,900.69","1,903.95","1,872.47","","-1.36%"
"09/26/2023","1,900.49","1,916.03","1,916.89","1,899.17","","-0.79%"
"09/25/2023","1,915.66","1,925.24","1,927.26","1,915.00","","-0.48%"
"09/22/2023","1,924.99","1,920.08","1,929.65","1,919.58","","0.28%"
"09/21/2023","1,919.57","1,930.99","1,931.74","1,913.40","","-0.52%"
"09/20/2023","1,929.68","1,931.69","1,947.80","1,927.90","","-0.07%"
"09/19/2023","1,930.94","1,933.68","1,937.94","1,929.71","","-0.11%"
"09/18/2023","1,933.14","1,924.19","1,934.61","1,922.15","","0.50%"
"09/15/2023","1,923.57","1,910.90","1,930.84","1,909.74","","0.69%"
"09/14/2023","1,910.32","1,906.68","1,912.99","1,900.95","","0.21%"
"09/13/2023","1,906.30","1,913.55","1,916.30","1,905.50","","-0.36%"
"09/12/2023","1,913.26","1,922.90","1,925.05","1,907.15","","-0.44%"
"09/11/2023","1,921.66","1,919.16","1,930.90","1,916.90","","0.20%"
"09/08/2023","1,917.81","1,919.57","1,930.19","1,917.36","","-0.07%"
"09/07/2023","1,919.19","1,916.86","1,923.67","1,916.10","","0.15%"
"09/06/2023","1,916.28","1,926.16","1,929.80","1,914.80","","-0.50%"
"09/05/2023","1,925.81","1,938.59","1,939.13","1,925.22","","-0.64%"
"09/04/2023","1,938.19","1,940.49","1,946.42","1,936.15","","-0.03%"
"09/01/2023","1,938.80","1,940.19","1,953.44","1,934.59","","-0.05%"
"08/31/2023","1,939.74","1,942.61","1,948.19","1,938.86","","-0.13%"
"08/30/2023","1,942.24","1,937.48","1,949.04","1,934.94","","0.26%"
"08/29/2023","1,937.12","1,920.23","1,938.41","1,914.00","","0.91%"
"08/28/2023","1,919.66","1,916.09","1,926.19","1,912.83","","0.27%"
"08/25/2023","1,914.53","1,917.80","1,923.09","1,903.40","","-0.15%"
"08/24/2023","1,917.43","1,914.15","1,923.94","1,911.35","","0.16%"
"08/23/2023","1,914.31","1,897.80","1,920.94","1,897.23","","0.89%"
"08/22/2023","1,897.47","1,895.09","1,905.05","1,888.60","","0.19%"
"08/21/2023","1,893.94","1,889.40","1,899.05","1,884.50","","0.30%"
"08/18/2023","1,888.19","1,889.49","1,897.44","1,886.20","","-0.04%"
"08/17/2023","1,888.89","1,892.20","1,903.90","1,884.50","","-0.15%"
"08/16/2023","1,891.76","1,901.59","1,907.90","1,891.30","","-0.52%"
"08/15/2023","1,901.56","1,907.40","1,912.19","1,896.15","","-0.33%"
"08/14/2023","1,907.90","1,913.67","1,916.55","1,902.20","","-0.28%"
"08/11/2023","1,913.32","1,912.65","1,921.15","1,910.94","","0.07%"
"08/10/2023","1,912.06","1,914.94","1,930.11","1,911.73","","-0.13%"
"08/09/2023","1,914.59","1,925.16","1,932.48","1,914.05","","-0.53%"
"08/08/2023","1,924.82","1,936.76","1,938.15","1,922.50","","-0.60%"
"08/07/2023","1,936.39","1,942.59","1,946.81","1,931.53","","-0.27%"
"08/04/2023","1,941.62","1,934.12","1,947.19","1,929.75","","0.41%"
"08/03/2023","1,933.74","1,934.66","1,939.03","1,929.55","","0.01%"
"08/02/2023","1,933.56","1,945.74","1,955.40","1,933.00","","-0.54%"
"08/01/2023","1,944.08","1,965.10","1,966.24","1,941.20","","-1.02%"
"07/31/2023","1,964.19","1,959.49","1,972.44","1,951.00","","0.25%"
"07/28/2023","1,959.20","1,944.27","1,963.71","1,944.27","","0.73%"
"07/27/2023","1,944.99","1,972.08","1,982.24","1,942.61","","-1.38%"
"07/26/2023","1,972.10","1,964.99","1,978.31","1,961.99","","0.38%"
"07/25/2023","1,964.58","1,955.20","1,966.03","1,953.21","","0.52%"
"07/24/2023","1,954.51","1,962.09","1,967.97","1,953.42","","-0.29%"
"07/21/2023","1,960.23","1,969.99","1,973.89","1,956.82","","-0.48%"
"07/20/2023","1,969.62","1,976.80","1,987.59","1,965.40","","-0.39%"
"07/19/2023","1,977.25","1,978.97","1,981.05","1,969.75","","-0.07%"
"07/18/2023","1,978.71","1,954.59","1,984.39","1,954.44","","1.23%"
"07/17/2023","1,954.74","1,954.90","1,959.91","1,945.82","","-0.01%"
"07/14/2023","1,954.93","1,961.58","1,963.81","1,951.00","","-0.27%"
"07/13/2023","1,960.19","1,957.44","1,963.69","1,952.71","","0.16%"
"07/12/2023","1,957.09","1,932.59","1,959.82","1,932.18","","1.30%"
"07/11/2023","1,931.99","1,925.40","1,938.69","1,924.40","","0.36%"
"07/10/2023","1,924.99","1,925.19","1,928.31","1,912.68","","0.04%"
"07/07/2023","1,924.28","1,911.07","1,934.92","1,909.56","","0.71%"
"07/06/2023","1,910.80","1,916.05","1,927.69","1,902.68","","-0.34%"
"07/05/2023","1,917.32","1,925.90","1,935.17","1,914.48","","-0.40%"
"07/04/2023","1,925.09","1,921.78","1,930.84","1,919.90","","0.19%"
"07/03/2023","1,921.43","1,919.40","1,931.09","1,910.10","","0.10%"
"06/30/2023","1,919.57","1,908.53","1,922.90","1,900.56","","0.60%"
"06/29/2023","1,908.15","1,908.80","1,913.15","1,893.01","","0.04%"
"06/28/2023","1,907.42","1,913.59","1,917.24","1,902.84","","-0.31%"
"06/27/2023","1,913.35","1,923.21","1,930.85","1,911.19","","-0.49%"
"06/26/2023","1,922.85","1,924.30","1,933.48","1,921.59","","0.08%"
"06/23/2023","1,921.36","1,913.80","1,937.10","1,910.24","","0.41%"
"06/22/2023","1,913.52","1,932.09","1,935.00","1,912.34","","-0.97%"
"06/21/2023","1,932.26","1,935.42","1,939.55","1,919.34","","-0.19%"
"06/20/2023","1,935.91","1,950.90","1,956.87","1,929.77","","-0.73%"
"06/19/2023","1,950.12","1,957.99","1,958.93","1,947.80","","-0.37%"
"06/16/2023","1,957.36","1,957.68","1,968.00","1,953.42","","-0.01%"
"06/15/2023","1,957.65","1,943.44","1,960.34","1,925.30","","0.75%"
"06/14/2023","1,942.99","1,943.49","1,960.41","1,939.73","","-0.02%"
"06/13/2023","1,943.33","1,957.69","1,970.74","1,939.99","","-0.69%"
"06/12/2023","1,956.92","1,960.25","1,967.55","1,948.80","","-0.19%"
"06/09/2023","1,960.60","1,968.10","1,973.09","1,956.73","","-0.36%"
"06/08/2023","1,967.76","1,940.59","1,970.50","1,939.81","","1.45%"
"06/07/2023","1,939.63","1,963.59","1,970.26","1,939.80","","-1.18%"
"06/06/2023","1,962.85","1,962.11","1,966.85","1,954.00","","0.06%"
"06/05/2023","1,961.76","1,947.59","1,964.13","1,938.14","","0.73%"
"06/02/2023","1,947.63","1,978.14","1,983.52","1,947.67","","-1.53%"
"06/01/2023","1,977.88","1,962.80","1,983.27","1,953.43","","0.79%"
"05/31/2023","1,962.30","1,959.30","1,975.34","1,953.67","","0.16%"
"05/30/2023","1,959.14","1,944.19","1,963.63","1,932.08","","0.84%"
"05/29/2023","1,942.84","1,944.09","1,949.75","1,940.30","","-0.18%"
"05/26/2023","1,946.33","1,940.69","1,957.40","1,936.84","","0.31%"
"05/25/2023","1,940.34","1,958.13","1,964.95","1,938.86","","-0.85%"
"05/24/2023","1,957.01","1,975.19","1,985.30","1,956.51","","-0.90%"
"05/23/2023","1,974.73","1,971.99","1,977.80","1,954.29","","0.27%"
"05/22/2023","1,969.43","1,977.80","1,982.66","1,968.40","","-0.36%"
"05/19/2023","1,976.56","1,957.40","1,984.09","1,954.05","","0.94%"
"05/18/2023","1,958.05","1,981.52","1,986.12","1,951.97","","-1.19%"
"05/17/2023","1,981.72","1,988.94","1,993.13","1,974.80","","-0.35%"
"05/16/2023","1,988.60","2,015.90","2,018.94","1,985.47","","-1.58%"
"05/15/2023","2,020.60","2,011.72","2,022.20","2,007.28","","0.47%"
"05/12/2023","2,011.15","2,015.19","2,022.56","2,001.05","","-0.22%"
"05/11/2023","2,015.55","2,030.56","2,041.44","2,011.19","","-0.69%"
"05/10/2023","2,029.51","2,034.19","2,048.22","2,021.57","","-0.23%"
"05/09/2023","2,034.17","2,022.24","2,037.70","2,019.50","","0.63%"
"05/08/2023","2,021.39","2,015.95","2,029.63","2,014.10","","0.24%"
"05/05/2023","2,016.54","2,051.73","2,053.13","1,999.30","","-1.69%"
"05/04/2023","2,051.11","2,036.86","2,073.29","2,030.34","","0.59%"
"05/03/2023","2,039.02","2,014.80","2,040.69","2,007.96","","1.13%"
"05/02/2023","2,016.28","1,982.81","2,019.54","1,978.38","","1.73%"
"05/01/2023","1,982.05","1,991.34","2,006.05","1,977.05","","-0.38%"
"04/28/2023","1,989.65","1,986.75","1,995.13","1,976.08","","0.09%"
"04/27/2023","1,987.87","1,987.58","2,003.45","1,973.80","","-0.08%"
"04/26/2023","1,989.48","2,000.63","2,009.51","1,983.43","","-0.42%"
"04/25/2023","1,997.87","1,991.45","2,003.90","1,976.14","","0.45%"
"04/24/2023","1,988.88","1,981.34","1,990.97","1,974.19","","0.30%"
"04/21/2023","1,982.89","2,004.29","2,005.75","1,971.65","","-1.07%"
"04/20/2023","2,004.34","1,993.58","2,012.74","1,990.49","","0.56%"
"04/19/2023","1,993.26","2,007.49","2,008.33","1,969.28","","-0.58%"
"04/18/2023","2,004.93","1,995.19","2,011.98","1,991.33","","0.51%"
"04/17/2023","1,994.77","2,001.85","2,015.13","1,981.34","","-0.41%"
"04/14/2023","2,003.04","2,040.40","2,047.60","1,992.41","","-1.80%"
"04/13/2023","2,039.73","2,014.00","2,048.84","2,012.45","","1.24%"
"04/12/2023","2,014.67","2,003.67","2,028.40","2,001.18","","0.58%"
"04/11/2023","2,003.14","1,990.36","2,007.58","1,988.72","","0.66%"
"04/10/2023","1,989.95","2,008.30","2,011.17","1,981.59","","-0.90%"
"04/06/2023","2,008.02","2,020.13","2,021.63","2,000.88","","-0.61%"
"04/05/2023","2,020.35","2,020.44","2,032.20","2,009.99","","0.02%"
"04/04/2023","2,019.97","1,984.59","2,025.19","1,977.01","","1.81%"
"04/03/2023","1,984.11","1,970.84","1,990.64","1,949.82","","0.82%"
"03/31/2023","1,967.90","1,978.62","1,987.84","1,966.89","","-0.62%"
"03/30/2023","1,980.25","1,962.58","1,984.40","1,955.44","","0.83%"
"03/29/2023","1,964.04","1,972.82","1,974.64","1,958.62","","-0.49%"
"03/28/2023","1,973.69","1,957.23","1,975.45","1,948.66","","0.88%"
"03/27/2023","1,956.56","1,977.66","1,979.89","1,943.68","","-1.04%"
"03/24/2023","1,977.22","1,993.99","2,003.19","1,975.18","","-0.82%"
"03/23/2023","1,993.50","1,967.91","2,003.43","1,964.39","","1.21%"
"03/22/2023","1,969.58","1,940.44","1,978.93","1,934.33","","1.52%"
"03/21/2023","1,940.15","1,979.17","1,985.30","1,935.41","","-1.95%"
"03/20/2023","1,978.71","1,987.59","2,010.19","1,965.77","","-0.46%"
"03/17/2023","1,987.93","1,920.00","1,989.80","1,918.33","","3.59%"
"03/16/2023","1,919.12","1,920.54","1,934.12","1,907.55","","0.05%"
"03/15/2023","1,918.10","1,903.91","1,937.46","1,885.78","","0.84%"
"03/14/2023","1,902.12","1,913.19","1,914.52","1,895.17","","-0.58%"
"03/13/2023","1,913.23","1,869.01","1,914.79","1,869.01","","2.43%"
"03/10/2023","1,867.83","1,830.96","1,870.28","1,827.71","","2.02%"
"03/09/2023","1,830.89","1,813.65","1,835.56","1,811.84","","0.95%"
"03/08/2023","1,813.59","1,813.61","1,824.38","1,809.40","","0.00%"
"03/07/2023","1,813.52","1,846.92","1,852.26","1,812.72","","-1.80%"
"03/06/2023","1,846.85","1,855.35","1,858.84","1,845.08","","-0.44%"
"03/03/2023","1,854.97","1,836.10","1,856.47","1,834.51","","1.03%"
"03/02/2023","1,836.00","1,837.20","1,838.94","1,829.44","","-0.04%"
"03/01/2023","1,836.81","1,827.24","1,845.05","1,823.05","","0.53%"
"02/28/2023","1,827.15","1,817.38","1,831.27","1,804.65","","0.54%"
"02/27/2023","1,817.31","1,812.01","1,820.22","1,806.68","","0.36%"
"02/24/2023","1,810.81","1,822.74","1,827.98","1,808.91","","-0.65%"
"02/23/2023","1,822.64","1,825.12","1,834.43","1,817.55","","-0.13%"
"02/22/2023","1,825.04","1,834.71","1,846.26","1,823.05","","-0.51%"
"02/21/2023","1,834.32","1,841.71","1,844.44","1,829.70","","-0.37%"
"02/20/2023","1,841.14","1,842.73","1,847.86","1,837.09","","-0.02%"
"02/17/2023","1,841.59","1,837.52","1,843.77","1,818.34","","0.23%"
"02/16/2023","1,837.44","1,836.56","1,845.45","1,827.18","","0.07%"
"02/15/2023","1,836.19","1,854.35","1,860.18","1,830.20","","-0.98%"
"02/14/2023","1,854.29","1,853.67","1,871.03","1,843.20","","0.05%"
"02/13/2023","1,853.39","1,865.69","1,866.83","1,850.42","","-0.60%"
"02/10/2023","1,864.67","1,861.68","1,872.31","1,852.69","","0.18%"
"02/09/2023","1,861.39","1,875.64","1,890.69","1,858.89","","-0.76%"
"02/08/2023","1,875.59","1,874.05","1,886.28","1,867.40","","0.09%"
"02/07/2023","1,873.81","1,867.39","1,884.45","1,864.94","","0.35%"
"02/06/2023","1,867.36","1,865.17","1,881.54","1,860.39","","0.10%"
"02/03/2023","1,865.53","1,912.57","1,918.72","1,861.41","","-2.45%"
"02/02/2023","1,912.37","1,950.54","1,959.77","1,911.33","","-1.95%"
"02/01/2023","1,950.42","1,927.92","1,954.63","1,920.56","","1.17%"
"01/31/2023","1,927.88","1,922.82","1,931.15","1,900.74","","0.28%"
"01/30/2023","1,922.52","1,928.40","1,934.61","1,920.58","","-0.25%"
"01/27/2023","1,927.34","1,929.40","1,935.15","1,916.65","","-0.09%"
"01/26/2023","1,928.99","1,946.09","1,949.27","1,918.74","","-0.87%"
"01/25/2023","1,945.93","1,937.54","1,948.12","1,919.88","","0.44%"
"01/24/2023","1,937.45","1,931.35","1,942.93","1,916.82","","0.32%"
"01/23/2023","1,931.30","1,926.20","1,935.69","1,911.44","","0.25%"
"01/20/2023","1,926.57","1,931.48","1,937.72","1,920.58","","-0.25%"
"01/19/2023","1,931.39","1,903.83","1,935.40","1,900.48","","1.45%"
"01/18/2023","1,903.76","1,908.46","1,926.30","1,896.56","","-0.24%"
"01/17/2023","1,908.39","1,917.81","1,919.83","1,903.51","","-0.50%"
"01/16/2023","1,918.00","1,920.39","1,929.24","1,910.74","","-0.12%"
"01/13/2023","1,920.21","1,897.03","1,922.24","1,891.80","","1.23%"
"01/12/2023","1,896.86","1,876.43","1,901.88","1,873.64","","1.09%"
"01/11/2023","1,876.38","1,877.30","1,887.09","1,866.75","","-0.05%"
"01/10/2023","1,877.27","1,871.66","1,881.04","1,867.37","","0.30%"
"01/09/2023","1,871.59","1,865.45","1,881.80","1,864.59","","0.32%"
"01/06/2023","1,865.71","1,833.27","1,870.37","1,830.53","","1.77%"
"01/05/2023","1,833.19","1,854.19","1,859.36","1,824.68","","-1.13%"
"01/04/2023","1,854.09","1,839.51","1,865.49","1,835.92","","0.79%"
"01/03/2023","1,839.49","1,826.14","1,850.69","1,824.42","","0.87%"
"01/02/2023","1,823.69","1,823.85","1,823.94","1,823.85","","-0.04%"
"12/30/2022","1,824.40","1,815.14","1,826.73","1,809.84","","0.52%"
"12/29/2022","1,814.89","1,804.16","1,820.52","1,802.02","","0.60%"
"12/28/2022","1,804.09","1,814.00","1,815.18","1,796.56","","-0.54%"
"12/27/2022","1,813.93","1,796.67","1,833.39","1,796.20","","0.91%"
"12/26/2022","1,797.61","1,798.57","1,798.78","1,798.04","","-0.02%"
"12/23/2022","1,797.91","1,792.65","1,803.60","1,789.62","","0.30%"
"12/22/2022","1,792.57","1,814.20","1,821.10","1,784.11","","-1.19%"
"12/21/2022","1,814.13","1,818.06","1,824.39","1,811.24","","-0.18%"
"12/20/2022","1,817.41","1,787.49","1,821.60","1,784.21","","1.68%"
"12/19/2022","1,787.44","1,793.13","1,799.10","1,783.48","","-0.27%"
"12/16/2022","1,792.34","1,776.72","1,794.69","1,773.89","","0.88%"
"12/15/2022","1,776.66","1,807.40","1,809.09","1,772.00","","-1.69%"
"12/14/2022","1,807.27","1,810.49","1,814.19","1,796.07","","-0.17%"
"12/13/2022","1,810.29","1,781.21","1,824.87","1,779.81","","1.64%"
"12/12/2022","1,781.15","1,797.35","1,798.00","1,777.22","","-0.86%"
"12/09/2022","1,796.63","1,789.30","1,806.45","1,787.96","","0.41%"
"12/08/2022","1,789.23","1,786.29","1,795.18","1,780.96","","0.17%"
"12/07/2022","1,786.22","1,771.14","1,790.92","1,768.32","","0.86%"
"12/06/2022","1,770.91","1,768.67","1,781.46","1,765.72","","0.14%"
"12/05/2022","1,768.39","1,797.92","1,810.33","1,765.32","","-1.64%"
"12/02/2022","1,797.82","1,803.15","1,804.93","1,778.26","","-0.28%"
"12/01/2022","1,802.89","1,768.54","1,804.32","1,767.36","","1.95%"
"11/30/2022","1,768.45","1,749.82","1,770.39","1,744.41","","1.07%"
"11/29/2022","1,749.73","1,740.82","1,759.33","1,738.98","","0.52%"
"11/28/2022","1,740.75","1,755.00","1,764.08","1,739.14","","-0.88%"
"11/25/2022","1,756.14","1,756.48","1,761.58","1,745.46","","0.07%"
"11/24/2022","1,754.96","1,749.53","1,759.08","1,749.03","","0.32%"
"11/23/2022","1,749.28","1,740.30","1,753.54","1,728.25","","0.52%"
"11/22/2022","1,740.24","1,738.48","1,749.98","1,736.61","","0.14%"
"11/21/2022","1,737.81","1,750.82","1,753.52","1,732.03","","-0.68%"
"11/18/2022","1,749.74","1,760.74","1,767.98","1,747.04","","-0.63%"
"11/17/2022","1,760.87","1,773.82","1,775.20","1,754.13","","-0.73%"
"11/16/2022","1,773.77","1,778.34","1,785.49","1,769.82","","-0.25%"
"11/15/2022","1,778.25","1,771.88","1,786.68","1,766.56","","0.36%"
"11/14/2022","1,771.80","1,771.42","1,775.36","1,752.90","","0.06%"
"11/11/2022","1,770.69","1,754.92","1,773.17","1,746.85","","0.91%"
"11/10/2022","1,754.75","1,706.40","1,757.59","1,703.32","","2.84%"
"11/09/2022","1,706.32","1,712.60","1,722.94","1,701.79","","-0.36%"
"11/08/2022","1,712.52","1,674.75","1,717.31","1,664.32","","2.26%"
"11/07/2022","1,674.68","1,681.30","1,682.08","1,666.44","","-0.33%"
"11/04/2022","1,680.27","1,629.40","1,682.17","1,628.23","","3.14%"
"11/03/2022","1,629.15","1,635.80","1,641.32","1,616.18","","-0.35%"
"11/02/2022","1,634.89","1,647.77","1,669.60","1,634.40","","-0.77%"
"11/01/2022","1,647.50","1,633.40","1,657.13","1,630.93","","0.88%"
"10/31/2022","1,633.12","1,643.69","1,645.80","1,631.77","","-0.53%"
"10/28/2022","1,641.76","1,663.30","1,667.44","1,637.39","","-1.27%"
"10/27/2022","1,662.94","1,664.50","1,671.09","1,654.81","","-0.09%"
"10/26/2022","1,664.49","1,653.21","1,675.12","1,649.15","","0.72%"
"10/25/2022","1,652.52","1,649.70","1,662.89","1,637.82","","0.24%"
"10/24/2022","1,648.60","1,658.19","1,670.55","1,643.64","","-0.49%"
"10/21/2022","1,656.66","1,628.10","1,659.08","1,617.21","","1.78%"
"10/20/2022","1,627.66","1,629.93","1,645.83","1,621.93","","-0.05%"
"10/19/2022","1,628.49","1,651.99","1,654.90","1,627.25","","-1.41%"
"10/18/2022","1,651.83","1,650.49","1,661.27","1,645.61","","0.11%"
"10/17/2022","1,649.94","1,644.09","1,668.69","1,643.69","","0.50%"
"10/14/2022","1,641.76","1,665.90","1,672.02","1,639.90","","-1.44%"
"10/13/2022","1,665.80","1,673.30","1,682.84","1,642.25","","-0.40%"
"10/12/2022","1,672.51","1,666.49","1,678.90","1,660.95","","0.43%"
"10/11/2022","1,665.31","1,668.40","1,684.44","1,660.45","","-0.16%"
"10/10/2022","1,667.96","1,696.80","1,700.33","1,665.30","","-1.57%"
"10/07/2022","1,694.52","1,711.10","1,715.40","1,690.35","","-0.95%"
"10/06/2022","1,710.85","1,716.06","1,726.09","1,706.53","","-0.29%"
"10/05/2022","1,715.81","1,726.42","1,728.10","1,700.15","","-0.60%"
"10/04/2022","1,726.24","1,699.40","1,729.73","1,694.73","","1.59%"
"10/03/2022","1,699.22","1,661.30","1,701.80","1,659.10","","2.38%"
"09/30/2022","1,659.67","1,661.13","1,675.57","1,658.93","","-0.04%"
"09/29/2022","1,660.29","1,659.88","1,665.12","1,641.05","","0.05%"
"09/28/2022","1,659.44","1,629.26","1,663.17","1,614.35","","1.88%"
"09/27/2022","1,628.80","1,621.99","1,642.94","1,621.77","","0.45%"
"09/26/2022","1,621.57","1,645.40","1,650.02","1,620.80","","-1.31%"
"09/23/2022","1,643.09","1,671.55","1,676.59","1,639.59","","-1.64%"
"09/22/2022","1,670.53","1,675.06","1,685.49","1,655.53","","-0.19%"
"09/21/2022","1,673.74","1,663.67","1,688.15","1,654.15","","0.64%"
"09/20/2022","1,663.11","1,675.47","1,679.34","1,659.60","","-0.76%"
"09/19/2022","1,675.78","1,675.44","1,680.16","1,659.67","","0.05%"
"09/16/2022","1,674.94","1,664.27","1,680.69","1,653.85","","0.67%"
"09/15/2022","1,663.74","1,696.06","1,698.62","1,660.04","","-1.89%"
"09/14/2022","1,695.80","1,701.86","1,707.49","1,693.26","","-0.34%"
"09/13/2022","1,701.55","1,724.75","1,732.34","1,696.70","","-1.31%"
"09/12/2022","1,724.07","1,717.05","1,735.37","1,711.97","","0.47%"
"09/09/2022","1,716.05","1,708.84","1,729.94","1,708.22","","0.51%"
"09/08/2022","1,707.28","1,718.40","1,728.80","1,703.50","","-0.61%"
"09/07/2022","1,717.69","1,701.61","1,719.82","1,690.90","","0.97%"
"09/06/2022","1,701.15","1,710.56","1,727.24","1,699.30","","-0.53%"
"09/05/2022","1,710.21","1,712.99","1,716.34","1,707.47","","-0.07%"
"09/02/2022","1,711.44","1,696.35","1,718.31","1,694.64","","0.91%"
"09/01/2022","1,696.09","1,711.09","1,711.81","1,688.35","","-0.85%"
"08/31/2022","1,710.70","1,723.83","1,726.86","1,709.10","","-0.75%"
"08/30/2022","1,723.55","1,738.36","1,740.93","1,720.85","","-0.82%"
"08/29/2022","1,737.82","1,736.19","1,745.63","1,720.08","","0.06%"
"08/26/2022","1,736.86","1,758.55","1,759.31","1,733.83","","-1.23%"
"08/25/2022","1,758.44","1,751.55","1,765.93","1,749.71","","0.43%"
"08/24/2022","1,750.89","1,748.55","1,755.88","1,742.29","","0.18%"
"08/23/2022","1,747.67","1,736.40","1,754.28","1,730.52","","0.69%"
"08/22/2022","1,735.70","1,747.05","1,749.31","1,727.51","","-0.69%"
"08/19/2022","1,747.83","1,759.30","1,759.88","1,745.19","","-0.59%"
"08/18/2022","1,758.20","1,761.63","1,772.59","1,755.37","","-0.16%"
"08/17/2022","1,761.05","1,775.98","1,782.63","1,759.58","","-0.82%"
"08/16/2022","1,775.54","1,779.74","1,783.37","1,771.33","","-0.19%"
"08/15/2022","1,778.91","1,802.05","1,802.53","1,772.75","","-1.27%"
"08/12/2022","1,801.76","1,790.06","1,802.86","1,784.52","","0.69%"
"08/11/2022","1,789.45","1,792.39","1,799.40","1,783.24","","-0.15%"
"08/10/2022","1,792.13","1,794.21","1,807.90","1,787.32","","-0.11%"
"08/09/2022","1,794.08","1,789.21","1,800.45","1,782.85","","0.31%"
"08/08/2022","1,788.52","1,773.57","1,790.26","1,770.94","","0.81%"
"08/05/2022","1,774.15","1,791.16","1,795.29","1,764.88","","-0.94%"
"08/04/2022","1,790.97","1,765.34","1,795.29","1,763.00","","1.48%"
"08/03/2022","1,764.90","1,760.53","1,772.90","1,754.33","","0.29%"
"08/02/2022","1,759.75","1,772.23","1,788.24","1,759.86","","-0.68%"
"08/01/2022","1,771.73","1,765.05","1,775.22","1,758.05","","0.37%"
"07/29/2022","1,765.22","1,755.81","1,768.17","1,752.19","","0.58%"
"07/28/2022","1,755.11","1,734.61","1,757.43","1,733.59","","1.22%"
"07/27/2022","1,733.89","1,717.41","1,740.60","1,711.46","","0.98%"
"07/26/2022","1,717.00","1,719.69","1,728.36","1,713.20","","-0.10%"
"07/25/2022","1,718.78","1,728.15","1,736.43","1,714.57","","-0.44%"
"07/22/2022","1,726.46","1,718.61","1,739.28","1,712.93","","0.46%"
"07/21/2022","1,718.49","1,696.73","1,720.69","1,680.78","","1.30%"
"07/20/2022","1,696.43","1,711.30","1,714.94","1,692.53","","-0.86%"
"07/19/2022","1,711.07","1,709.27","1,718.64","1,704.96","","0.12%"
"07/18/2022","1,709.01","1,707.94","1,724.05","1,705.89","","0.13%"
"07/15/2022","1,706.78","1,709.81","1,716.92","1,698.82","","-0.16%"
"07/14/2022","1,709.45","1,735.70","1,736.94","1,697.48","","-1.49%"
"07/13/2022","1,735.23","1,726.17","1,745.54","1,707.38","","0.55%"
"07/12/2022","1,725.81","1,733.99","1,743.49","1,722.93","","-0.45%"
"07/11/2022","1,733.67","1,742.86","1,744.92","1,731.01","","-0.47%"
"07/08/2022","1,741.82","1,740.05","1,752.50","1,733.24","","0.13%"
"07/07/2022","1,739.61","1,738.93","1,749.14","1,735.95","","0.08%"
"07/06/2022","1,738.30","1,764.87","1,773.06","1,731.75","","-1.48%"
"07/05/2022","1,764.35","1,808.74","1,812.42","1,763.48","","-2.47%"
"07/04/2022","1,809.12","1,812.27","1,814.36","1,803.45","","-0.06%"
"07/01/2022","1,810.18","1,807.31","1,812.09","1,784.10","","0.18%"
"06/30/2022","1,806.89","1,817.80","1,825.90","1,802.20","","-0.56%"
"06/29/2022","1,817.11","1,819.95","1,833.24","1,812.10","","-0.14%"
"06/28/2022","1,819.69","1,822.85","1,830.09","1,818.20","","-0.17%"
"06/27/2022","1,822.73","1,838.15","1,841.34","1,820.40","","-0.19%"
"06/24/2022","1,826.18","1,822.88","1,832.15","1,816.70","","0.21%"
"06/23/2022","1,822.43","1,837.87","1,846.19","1,821.88","","-0.81%"
"06/22/2022","1,837.39","1,832.96","1,848.44","1,823.23","","0.26%"
"06/21/2022","1,832.56","1,838.37","1,844.15","1,828.29","","-0.31%"
"06/20/2022","1,838.29","1,840.40","1,846.42","1,834.49","","-0.06%"
"06/17/2022","1,839.35","1,857.34","1,858.29","1,833.72","","-0.93%"
"06/16/2022","1,856.71","1,833.99","1,857.91","1,815.95","","1.27%"
"06/15/2022","1,833.38","1,808.35","1,841.74","1,807.24","","1.40%"
"06/14/2022","1,808.10","1,819.10","1,832.19","1,804.65","","-0.59%"
"06/13/2022","1,818.77","1,875.80","1,877.38","1,818.90","","-2.79%"
"06/10/2022","1,870.96","1,848.09","1,876.47","1,825.02","","1.26%"
"06/09/2022","1,847.61","1,853.53","1,855.52","1,839.60","","-0.30%"
"06/08/2022","1,853.26","1,852.51","1,859.90","1,844.35","","0.07%"
"06/07/2022","1,851.97","1,841.60","1,855.86","1,836.73","","0.60%"
"06/06/2022","1,841.00","1,850.29","1,858.15","1,840.50","","-0.53%"
"06/03/2022","1,850.77","1,868.53","1,874.30","1,847.02","","-0.93%"
"06/02/2022","1,868.13","1,846.44","1,870.69","1,843.76","","1.22%"
"06/01/2022","1,845.55","1,837.37","1,850.40","1,828.28","","0.46%"
"05/31/2022","1,837.09","1,856.40","1,857.69","1,834.90","","-1.03%"
"05/30/2022","1,856.21","1,852.19","1,864.34","1,847.92","","0.19%"
"05/27/2022","1,852.73","1,850.48","1,862.30","1,847.76","","0.15%"
"05/26/2022","1,850.02","1,853.48","1,854.71","1,841.14","","-0.15%"
"05/25/2022","1,852.83","1,865.09","1,868.40","1,842.94","","-0.70%"
"05/24/2022","1,865.90","1,853.59","1,869.99","1,849.06","","0.68%"
"05/23/2022","1,853.22","1,846.53","1,865.65","1,844.08","","0.41%"
"05/20/2022","1,845.68","1,842.12","1,849.59","1,832.35","","0.22%"
"05/19/2022","1,841.72","1,816.60","1,849.46","1,810.55","","1.44%"
"05/18/2022","1,815.61","1,815.20","1,825.02","1,807.30","","0.05%"
"05/17/2022","1,814.67","1,824.18","1,836.55","1,812.68","","-0.50%"
"05/16/2022","1,823.79","1,811.05","1,827.23","1,786.95","","0.70%"
"05/13/2022","1,811.15","1,822.48","1,829.06","1,799.24","","-0.58%"
"05/12/2022","1,821.72","1,852.58","1,859.30","1,820.93","","-1.64%"
"05/11/2022","1,852.12","1,838.41","1,857.99","1,831.83","","0.76%"
"05/10/2022","1,838.14","1,853.74","1,865.76","1,835.46","","-0.85%"
"05/09/2022","1,853.92","1,883.80","1,885.95","1,851.36","","-1.54%"
"05/06/2022","1,882.96","1,877.30","1,892.93","1,865.84","","0.33%"
"05/05/2022","1,876.84","1,881.47","1,910.03","1,872.48","","-0.22%"
"05/04/2022","1,880.92","1,868.04","1,889.74","1,861.17","","0.70%"
"05/03/2022","1,867.79","1,863.05","1,878.19","1,850.33","","0.27%"
"05/02/2022","1,862.77","1,896.09","1,900.10","1,854.74","","-1.77%"
"04/29/2022","1,896.40","1,894.43","1,919.97","1,892.25","","0.11%"
"04/28/2022","1,894.34","1,886.14","1,897.32","1,872.19","","0.44%"
"04/27/2022","1,886.12","1,905.45","1,907.25","1,881.39","","-1.02%"
"04/26/2022","1,905.56","1,897.95","1,911.50","1,895.38","","0.41%"
"04/25/2022","1,897.69","1,931.09","1,934.71","1,891.05","","-1.66%"
"04/22/2022","1,929.73","1,951.49","1,955.93","1,926.52","","-1.12%"
"04/21/2022","1,951.49","1,957.84","1,958.00","1,936.79","","-0.30%"
"04/20/2022","1,957.41","1,950.34","1,958.57","1,939.16","","0.39%"
"04/19/2022","1,949.84","1,979.19","1,982.31","1,943.80","","-1.45%"
"04/18/2022","1,978.50","1,972.84","1,998.60","1,971.05","","0.20%"
"04/15/2022","1,974.54","1,974.28","1,975.69","1,973.05","","0.05%"
"04/14/2022","1,973.52","1,977.78","1,980.81","1,960.90","","-0.21%"
"04/13/2022","1,977.72","1,967.21","1,981.82","1,962.59","","0.57%"
"04/12/2022","1,966.59","1,953.99","1,978.63","1,949.48","","0.67%"
"04/11/2022","1,953.43","1,947.15","1,969.41","1,940.05","","0.39%"
"04/08/2022","1,945.85","1,931.92","1,948.46","1,927.38","","0.71%"
"04/07/2022","1,932.17","1,925.32","1,938.07","1,920.27","","0.35%"
"04/06/2022","1,925.48","1,923.69","1,933.65","1,915.24","","0.09%"
"04/05/2022","1,923.76","1,933.38","1,944.73","1,917.74","","-0.45%"
"04/04/2022","1,932.44","1,924.94","1,937.05","1,915.55","","0.42%"
"04/01/2022","1,924.30","1,937.51","1,939.99","1,917.56","","-0.67%"
"03/31/2022","1,937.23","1,932.80","1,949.92","1,918.98","","0.22%"
"03/30/2022","1,933.06","1,920.07","1,938.53","1,915.74","","0.72%"
"03/29/2022","1,919.19","1,922.95","1,929.41","1,890.03","","-0.21%"
"03/28/2022","1,923.20","1,958.75","1,959.36","1,916.83","","-1.75%"
"03/25/2022","1,957.40","1,957.49","1,964.49","1,943.55","","0.00%"
"03/24/2022","1,957.48","1,944.88","1,966.19","1,937.18","","0.73%"
"03/23/2022","1,943.38","1,922.35","1,948.55","1,915.32","","1.14%"
"03/22/2022","1,921.44","1,935.86","1,938.59","1,910.89","","-0.75%"
"03/21/2022","1,935.95","1,922.24","1,940.69","1,918.01","","0.77%"
"03/18/2022","1,921.09","1,942.90","1,945.51","1,917.93","","-1.11%"
"03/17/2022","1,942.64","1,927.56","1,950.10","1,923.40","","0.76%"
"03/16/2022","1,927.93","1,918.10","1,929.87","1,895.22","","0.53%"
"03/15/2022","1,917.84","1,951.02","1,954.95","1,906.73","","-1.71%"
"03/14/2022","1,951.11","1,985.49","1,990.33","1,949.87","","-1.72%"
"03/11/2022","1,985.29","1,996.15","1,999.22","1,958.80","","-0.53%"
"03/10/2022","1,995.86","1,991.94","2,009.57","1,970.66","","0.22%"
"03/09/2022","1,991.49","2,052.75","2,059.25","1,976.30","","-2.97%"
"03/08/2022","2,052.41","1,998.30","2,070.29","1,981.00","","2.72%"
"03/07/2022","1,998.11","1,977.09","2,002.90","1,960.76","","1.51%"
"03/04/2022","1,968.45","1,935.65","1,970.80","1,929.78","","1.72%"
"03/03/2022","1,935.21","1,926.49","1,941.47","1,921.73","","0.47%"
"03/02/2022","1,926.11","1,943.69","1,948.18","1,913.82","","-0.88%"
"03/01/2022","1,943.22","1,908.19","1,950.45","1,900.93","","1.85%"
"02/28/2022","1,907.90","1,920.86","1,929.36","1,890.59","","1.08%"
"02/25/2022","1,887.56","1,903.55","1,921.54","1,883.10","","-0.82%"
"02/24/2022","1,903.14","1,907.99","1,974.48","1,879.05","","-0.23%"
"02/23/2022","1,907.55","1,898.44","1,911.00","1,889.23","","0.50%"
"02/22/2022","1,898.13","1,905.89","1,914.44","1,891.16","","-0.39%"
"02/21/2022","1,905.63","1,900.40","1,908.38","1,887.19","","0.41%"
"02/18/2022","1,897.87","1,897.94","1,902.84","1,886.16","","0.03%"
"02/17/2022","1,897.27","1,868.84","1,901.57","1,867.18","","1.55%"
"02/16/2022","1,868.37","1,853.40","1,873.16","1,849.94","","0.83%"
"02/15/2022","1,853.06","1,870.94","1,879.89","1,844.27","","-0.92%"
"02/14/2022","1,870.29","1,861.55","1,874.41","1,850.45","","0.56%"
"02/11/2022","1,859.96","1,827.25","1,865.63","1,820.79","","1.83%"
"02/10/2022","1,826.57","1,832.94","1,842.35","1,821.46","","-0.32%"
"02/09/2022","1,832.43","1,826.05","1,836.35","1,824.50","","0.38%"
"02/08/2022","1,825.48","1,820.59","1,829.09","1,815.06","","0.28%"
"02/07/2022","1,820.31","1,806.99","1,824.06","1,806.94","","0.71%"
"02/04/2022","1,807.49","1,804.80","1,815.44","1,790.94","","0.17%"
"02/03/2022","1,804.40","1,807.19","1,809.22","1,788.39","","-0.12%"
"02/02/2022","1,806.50","1,800.94","1,811.53","1,794.11","","0.32%"
"02/01/2022","1,800.65","1,796.72","1,809.16","1,795.13","","0.23%"
"01/31/2022","1,796.47","1,791.19","1,800.23","1,785.03","","0.30%"
"01/28/2022","1,791.03","1,796.94","1,799.82","1,779.88","","-0.30%"
"01/27/2022","1,796.51","1,818.44","1,822.51","1,790.98","","-1.19%"
"01/26/2022","1,818.12","1,847.99","1,850.44","1,814.90","","-1.59%"
"01/25/2022","1,847.56","1,843.34","1,853.98","1,834.64","","0.24%"
"01/24/2022","1,843.06","1,834.49","1,844.53","1,829.09","","0.54%"
"01/21/2022","1,833.24","1,838.65","1,843.53","1,828.04","","-0.28%"
"01/20/2022","1,838.36","1,840.30","1,848.36","1,835.67","","-0.09%"
"01/19/2022","1,839.96","1,813.69","1,843.72","1,809.97","","1.46%"
"01/18/2022","1,813.54","1,819.77","1,823.01","1,805.53","","-0.30%"
"01/17/2022","1,818.99","1,817.90","1,823.72","1,812.67","","0.10%"
"01/14/2022","1,817.22","1,822.55","1,829.66","1,814.13","","-0.27%"
"01/13/2022","1,822.09","1,825.94","1,828.38","1,811.83","","-0.18%"
"01/12/2022","1,825.32","1,822.49","1,828.33","1,814.20","","0.18%"
"01/11/2022","1,822.01","1,801.69","1,823.35","1,800.09","","1.14%"
"01/10/2022","1,801.41","1,795.41","1,802.57","1,790.43","","0.32%"
"01/07/2022","1,795.63","1,789.55","1,799.20","1,782.63","","0.39%"
"01/06/2022","1,788.68","1,809.94","1,811.89","1,786.03","","-1.15%"
"01/05/2022","1,809.53","1,814.90","1,829.82","1,807.97","","-0.28%"
"01/04/2022","1,814.56","1,801.34","1,816.83","1,798.44","","0.76%"
"01/03/2022","1,800.85","1,830.14","1,832.06","1,797.93","","-1.51%"
"12/31/2021","1,828.39","1,815.44","1,830.58","1,814.15","","0.74%"
"12/30/2021","1,815.01","1,803.99","1,817.44","1,795.78","","0.63%"
"12/29/2021","1,803.66","1,805.59","1,808.16","1,788.94","","-0.09%"
"12/28/2021","1,805.37","1,811.84","1,820.70","1,804.38","","-0.31%"
"12/27/2021","1,810.90","1,808.19","1,813.74","1,802.89","","0.15%"
"12/24/2021","1,808.11","1,808.19","1,812.70","1,801.61","","0.01%"
"12/23/2021","1,807.91","1,803.69","1,811.02","1,798.88","","0.25%"
"12/22/2021","1,803.40","1,788.94","1,805.13","1,785.41","","0.84%"
"12/21/2021","1,788.36","1,789.74","1,800.85","1,784.58","","-0.05%"
"12/20/2021","1,789.32","1,799.40","1,804.32","1,787.98","","-0.47%"
"12/17/2021","1,797.68","1,799.55","1,814.63","1,795.67","","-0.07%"
"12/16/2021","1,799.03","1,777.40","1,799.53","1,775.43","","1.24%"
"12/15/2021","1,777.06","1,770.49","1,781.04","1,753.84","","0.39%"
"12/14/2021","1,770.18","1,787.19","1,789.74","1,766.31","","-0.94%"
"12/13/2021","1,786.94","1,782.94","1,791.78","1,781.51","","0.25%"
"12/10/2021","1,782.51","1,774.94","1,789.47","1,769.43","","0.45%"
"12/09/2021","1,774.46","1,782.49","1,788.05","1,772.80","","-0.43%"
"12/08/2021","1,782.06","1,784.40","1,793.60","1,779.45","","-0.11%"
"12/07/2021","1,784.04","1,778.08","1,788.02","1,771.93","","0.33%"
"12/06/2021","1,778.11","1,784.79","1,787.87","1,775.91","","-0.32%"
"12/03/2021","1,783.74","1,768.84","1,786.44","1,765.63","","0.85%"
"12/02/2021","1,768.64","1,783.05","1,783.58","1,761.68","","-0.79%"
"12/01/2021","1,782.66","1,774.15","1,794.80","1,771.96","","0.50%"
"11/30/2021","1,773.78","1,785.34","1,809.38","1,769.43","","-0.63%"
"11/29/2021","1,785.01","1,790.05","1,799.80","1,781.23","","-0.38%"
"11/26/2021","1,791.81","1,788.70","1,815.78","1,780.79","","0.19%"
"11/25/2021","1,788.45","1,789.49","1,795.65","1,785.85","","0.00%"
"11/24/2021","1,788.50","1,790.34","1,797.01","1,778.44","","-0.07%"
"11/23/2021","1,789.73","1,805.65","1,812.50","1,781.63","","-0.85%"
"11/22/2021","1,805.04","1,846.74","1,849.49","1,801.95","","-2.14%"
"11/19/2021","1,844.60","1,858.90","1,865.76","1,842.98","","-0.75%"
"11/18/2021","1,858.46","1,866.97","1,871.29","1,854.94","","-0.46%"
"11/17/2021","1,866.96","1,850.34","1,868.32","1,849.38","","0.92%"
"11/16/2021","1,849.91","1,862.94","1,877.40","1,849.16","","-0.67%"
"11/15/2021","1,862.46","1,868.15","1,870.57","1,855.73","","-0.09%"
"11/12/2021","1,864.04","1,861.99","1,868.69","1,844.78","","0.14%"
"11/11/2021","1,861.52","1,849.69","1,866.35","1,842.66","","0.65%"
"11/10/2021","1,849.57","1,831.90","1,868.70","1,821.60","","0.99%"
"11/09/2021","1,831.48","1,824.74","1,833.08","1,817.70","","0.40%"
"11/08/2021","1,824.26","1,818.44","1,826.93","1,812.08","","0.41%"
"11/05/2021","1,816.73","1,792.14","1,818.61","1,785.17","","1.40%"
"11/04/2021","1,791.70","1,769.98","1,799.26","1,769.13","","1.25%"
"11/03/2021","1,769.52","1,787.71","1,788.42","1,758.45","","-0.99%"
"11/02/2021","1,787.28","1,793.61","1,796.91","1,785.78","","-0.32%"
"11/01/2021","1,793.05","1,783.24","1,796.20","1,778.89","","0.57%"
"10/29/2021","1,782.81","1,799.03","1,801.49","1,771.70","","-0.88%"
"10/28/2021","1,798.62","1,796.78","1,810.49","1,792.34","","0.11%"
"10/27/2021","1,796.69","1,793.04","1,799.38","1,782.83","","0.23%"
"10/26/2021","1,792.63","1,807.90","1,808.50","1,781.98","","-0.82%"
"10/25/2021","1,807.47","1,794.00","1,810.18","1,791.95","","0.84%"
"10/22/2021","1,792.48","1,782.89","1,814.22","1,782.46","","0.55%"
"10/21/2021","1,782.76","1,782.10","1,789.61","1,776.07","","0.05%"
"10/20/2021","1,781.83","1,769.28","1,788.68","1,766.50","","0.73%"
"10/19/2021","1,768.87","1,764.99","1,785.53","1,762.48","","0.24%"
"10/18/2021","1,764.60","1,767.74","1,772.30","1,759.68","","-0.15%"
"10/15/2021","1,767.26","1,795.81","1,796.89","1,764.48","","-1.58%"
"10/14/2021","1,795.56","1,792.75","1,800.91","1,786.22","","0.16%"
"10/13/2021","1,792.65","1,760.05","1,796.31","1,757.89","","1.86%"
"10/12/2021","1,759.93","1,754.12","1,769.78","1,750.47","","0.35%"
"10/11/2021","1,753.86","1,757.34","1,761.36","1,749.68","","-0.16%"
"10/08/2021","1,756.67","1,755.89","1,781.60","1,753.03","","0.08%"
"10/07/2021","1,755.29","1,762.74","1,767.45","1,751.38","","-0.41%"
"10/06/2021","1,762.48","1,760.45","1,765.78","1,745.45","","0.14%"
"10/05/2021","1,759.96","1,769.75","1,771.03","1,748.56","","-0.54%"
"10/04/2021","1,769.51","1,762.15","1,771.06","1,747.23","","0.52%"
"10/01/2021","1,760.36","1,756.91","1,764.40","1,749.36","","0.21%"
"09/30/2021","1,756.66","1,726.40","1,764.53","1,721.67","","1.77%"
"09/29/2021","1,726.11","1,733.97","1,746.11","1,721.07","","-0.44%"
"09/28/2021","1,733.68","1,750.45","1,754.80","1,727.18","","-0.92%"
"09/27/2021","1,749.85","1,751.24","1,761.29","1,744.19","","0.00%"
"09/24/2021","1,749.86","1,742.82","1,758.08","1,739.60","","0.42%"
"09/23/2021","1,742.57","1,768.40","1,776.60","1,737.84","","-1.43%"
"09/22/2021","1,767.91","1,774.51","1,787.51","1,764.84","","-0.36%"
"09/21/2021","1,774.25","1,764.19","1,782.07","1,757.61","","0.59%"
"09/20/2021","1,763.88","1,754.30","1,767.31","1,742.24","","0.55%"
"09/17/2021","1,754.16","1,753.67","1,768.22","1,747.07","","0.04%"
"09/16/2021","1,753.39","1,794.34","1,796.71","1,745.04","","-2.19%"
"09/15/2021","1,792.59","1,804.53","1,807.30","1,790.28","","-0.65%"
"09/14/2021","1,804.27","1,793.77","1,808.99","1,781.89","","0.60%"
"09/13/2021","1,793.49","1,788.55","1,798.66","1,783.73","","0.34%"
"09/10/2021","1,787.34","1,794.61","1,804.15","1,786.53","","-0.41%"
"09/09/2021","1,794.69","1,789.19","1,801.19","1,783.83","","0.32%"
"09/08/2021","1,788.93","1,794.41","1,802.60","1,781.98","","-0.29%"
"09/07/2021","1,794.13","1,823.27","1,827.39","1,792.33","","-1.59%"
"09/06/2021","1,823.10","1,828.66","1,830.60","1,820.58","","-0.17%"
"09/03/2021","1,826.19","1,809.98","1,834.55","1,808.53","","0.93%"
"09/02/2021","1,809.40","1,813.92","1,817.53","1,804.48","","-0.23%"
"09/01/2021","1,813.66","1,813.57","1,820.21","1,808.18","","0.01%"
"08/31/2021","1,813.43","1,810.26","1,819.43","1,801.47","","0.18%"
"08/30/2021","1,810.17","1,817.55","1,823.38","1,807.28","","-0.36%"
"08/27/2021","1,816.67","1,792.60","1,819.38","1,787.66","","1.37%"
"08/26/2021","1,792.16","1,791.09","1,798.61","1,779.48","","0.08%"
"08/25/2021","1,790.68","1,802.86","1,803.57","1,782.45","","-0.66%"
"08/24/2021","1,802.61","1,805.61","1,810.03","1,799.73","","-0.14%"
"08/23/2021","1,805.20","1,780.55","1,806.92","1,776.03","","1.37%"
"08/20/2021","1,780.87","1,780.44","1,788.85","1,777.96","","0.04%"
"08/19/2021","1,780.18","1,788.05","1,792.56","1,774.20","","-0.41%"
"08/18/2021","1,787.59","1,786.21","1,794.31","1,777.31","","0.09%"
"08/17/2021","1,785.96","1,787.51","1,795.77","1,780.28","","-0.07%"
"08/16/2021","1,787.24","1,778.44","1,789.51","1,770.38","","0.45%"
"08/13/2021","1,779.15","1,752.72","1,780.53","1,751.27","","1.52%"
"08/12/2021","1,752.44","1,751.66","1,758.62","1,741.29","","0.05%"
"08/11/2021","1,751.56","1,729.01","1,754.63","1,723.54","","1.32%"
"08/10/2021","1,728.71","1,729.74","1,738.49","1,717.17","","-0.04%"
"08/09/2021","1,729.46","1,763.34","1,764.65","1,684.77","","-1.89%"
"08/06/2021","1,762.69","1,804.28","1,804.93","1,758.33","","-2.29%"
"08/05/2021","1,804.01","1,811.69","1,815.45","1,797.74","","-0.41%"
"08/04/2021","1,811.41","1,810.60","1,832.10","1,806.54","","0.08%"
"08/03/2021","1,809.94","1,813.64","1,815.18","1,806.73","","-0.19%"
"08/02/2021","1,813.39","1,814.34","1,819.94","1,805.12","","-0.01%"
"07/30/2021","1,813.58","1,828.21","1,831.63","1,809.48","","-0.79%"
"07/29/2021","1,827.95","1,807.15","1,833.05","1,806.29","","1.17%"
"07/28/2021","1,806.88","1,799.00","1,809.90","1,792.60","","0.45%"
"07/27/2021","1,798.73","1,797.53","1,805.60","1,792.83","","0.08%"
"07/26/2021","1,797.27","1,802.65","1,811.97","1,795.68","","-0.23%"
"07/23/2021","1,801.34","1,806.95","1,810.56","1,790.45","","-0.30%"
"07/22/2021","1,806.69","1,803.58","1,808.34","1,792.11","","0.19%"
"07/21/2021","1,803.31","1,810.32","1,814.02","1,794.18","","-0.37%"
"07/20/2021","1,810.03","1,812.61","1,825.27","1,805.06","","-0.13%"
"07/19/2021","1,812.34","1,811.65","1,817.56","1,794.66","","0.08%"
"07/16/2021","1,810.89","1,829.45","1,832.20","1,808.65","","-1.00%"
"07/15/2021","1,829.19","1,827.35","1,833.99","1,820.07","","0.12%"
"07/14/2021","1,827.06","1,807.72","1,830.32","1,804.21","","1.09%"
"07/13/2021","1,807.44","1,806.17","1,817.51","1,798.54","","0.09%"
"07/12/2021","1,805.88","1,807.94","1,811.04","1,791.21","","-0.12%"
"07/09/2021","1,807.98","1,802.89","1,812.71","1,796.09","","0.30%"
"07/08/2021","1,802.56","1,803.67","1,818.70","1,794.28","","-0.05%"
"07/07/2021","1,803.41","1,796.96","1,810.13","1,793.64","","0.37%"
"07/06/2021","1,796.69","1,791.88","1,815.34","1,789.91","","0.28%"
"07/05/2021","1,791.61","1,787.69","1,795.69","1,784.09","","0.27%"
"07/02/2021","1,786.79","1,776.83","1,795.40","1,773.73","","0.57%"
"07/01/2021","1,776.60","1,770.06","1,783.07","1,765.47","","0.38%"
"06/30/2021","1,769.80","1,761.35","1,774.72","1,752.78","","0.49%"
"06/29/2021","1,761.09","1,778.44","1,779.24","1,750.11","","-0.96%"
"06/28/2021","1,778.18","1,781.24","1,785.90","1,770.69","","-0.12%"
"06/25/2021","1,780.34","1,775.46","1,790.60","1,773.27","","0.29%"
"06/24/2021","1,775.18","1,779.01","1,788.56","1,772.67","","-0.20%"
"06/23/2021","1,778.73","1,778.80","1,795.18","1,773.13","","0.01%"
"06/22/2021","1,778.51","1,783.23","1,790.42","1,771.99","","-0.25%"
"06/21/2021","1,782.95","1,764.44","1,786.75","1,764.44","","1.11%"
"06/18/2021","1,763.34","1,772.73","1,797.24","1,761.04","","-0.56%"
"06/17/2021","1,773.31","1,812.18","1,825.58","1,766.88","","-2.13%"
"06/16/2021","1,811.95","1,858.96","1,862.43","1,804.19","","-2.51%"
"06/15/2021","1,858.69","1,866.26","1,869.67","1,851.28","","-0.39%"
"06/14/2021","1,865.99","1,874.59","1,878.21","1,844.57","","-0.57%"
"06/11/2021","1,876.64","1,898.42","1,903.30","1,874.07","","-1.13%"
"06/10/2021","1,898.14","1,888.57","1,900.09","1,869.84","","0.52%"
"06/09/2021","1,888.30","1,893.49","1,899.40","1,886.58","","-0.24%"
"06/08/2021","1,892.82","1,898.99","1,903.95","1,883.38","","-0.33%"
"06/07/2021","1,899.00","1,888.49","1,900.41","1,880.88","","0.48%"
"06/04/2021","1,889.97","1,871.32","1,896.60","1,856.09","","1.04%"
"06/03/2021","1,870.57","1,908.09","1,909.89","1,865.11","","-1.96%"
"06/02/2021","1,907.94","1,900.05","1,909.34","1,894.05","","0.41%"
"06/01/2021","1,900.19","1,907.53","1,916.84","1,892.28","","-0.32%"
"05/31/2021","1,906.36","1,903.69","1,911.13","1,901.56","","0.20%"
"05/28/2021","1,902.64","1,897.05","1,905.90","1,881.84","","0.35%"
"05/27/2021","1,896.08","1,896.49","1,903.87","1,888.22","","-0.02%"
"05/26/2021","1,896.44","1,899.49","1,913.15","1,890.34","","-0.15%"
"05/25/2021","1,899.26","1,880.69","1,900.63","1,872.73","","0.97%"
"05/24/2021","1,881.07","1,882.34","1,887.44","1,875.19","","0.04%"
"05/21/2021","1,880.30","1,876.84","1,889.85","1,870.01","","0.19%"
"05/20/2021","1,876.69","1,869.74","1,884.12","1,863.53","","0.38%"
"05/19/2021","1,869.57","1,869.59","1,890.15","1,851.94","","0.07%"
"05/18/2021","1,868.22","1,866.59","1,875.40","1,862.94","","0.11%"
"05/17/2021","1,866.13","1,843.84","1,868.80","1,841.24","","1.30%"
"05/14/2021","1,842.19","1,826.49","1,845.55","1,819.79","","0.86%"
"05/13/2021","1,826.57","1,815.90","1,828.81","1,808.78","","0.61%"
"05/12/2021","1,815.44","1,837.40","1,843.69","1,813.00","","-1.17%"
"05/11/2021","1,836.94","1,834.58","1,842.32","1,817.68","","0.08%"
"05/10/2021","1,835.44","1,833.24","1,845.53","1,830.09","","0.27%"
"05/07/2021","1,830.48","1,815.48","1,843.45","1,812.90","","0.84%"
"05/06/2021","1,815.18","1,787.09","1,818.21","1,781.67","","1.61%"
"05/05/2021","1,786.44","1,778.91","1,788.35","1,769.95","","0.45%"
"05/04/2021","1,778.48","1,792.29","1,799.38","1,770.84","","-0.77%"
"05/03/2021","1,792.36","1,768.49","1,798.22","1,765.91","","1.34%"
"04/30/2021","1,768.59","1,772.90","1,773.98","1,763.73","","-0.15%"
"04/29/2021","1,771.24","1,780.90","1,790.43","1,756.19","","-0.57%"
"04/28/2021","1,781.32","1,776.80","1,782.85","1,762.56","","0.26%"
"04/27/2021","1,776.69","1,780.42","1,785.90","1,773.52","","-0.20%"
"04/26/2021","1,780.19","1,776.34","1,783.69","1,768.70","","0.17%"
"04/23/2021","1,777.18","1,784.33","1,796.06","1,770.05","","-0.38%"
"04/22/2021","1,783.94","1,794.15","1,798.29","1,776.83","","-0.53%"
"04/21/2021","1,793.46","1,778.64","1,797.98","1,775.95","","0.91%"
"04/20/2021","1,777.25","1,770.30","1,780.77","1,763.18","","0.45%"
"04/19/2021","1,769.31","1,779.50","1,790.54","1,765.98","","-0.39%"
"04/16/2021","1,776.31","1,763.84","1,784.07","1,759.79","","0.74%"
"04/15/2021","1,763.21","1,737.10","1,769.91","1,734.10","","1.57%"
"04/14/2021","1,736.00","1,744.30","1,749.58","1,732.13","","-0.45%"
"04/13/2021","1,743.83","1,732.59","1,749.23","1,723.27","","0.65%"
"04/12/2021","1,732.51","1,743.80","1,745.36","1,727.18","","-0.61%"
"04/09/2021","1,743.10","1,756.54","1,757.47","1,731.09","","-0.73%"
"04/08/2021","1,755.94","1,737.84","1,759.13","1,732.99","","1.07%"
"04/07/2021","1,737.28","1,742.96","1,744.57","1,730.13","","-0.36%"
"04/06/2021","1,743.57","1,728.49","1,745.68","1,726.82","","0.88%"
"04/05/2021","1,728.44","1,728.74","1,733.75","1,721.22","","-0.02%"
"04/02/2021","1,728.84","1,730.47","1,732.55","1,728.67","","-0.08%"
"04/01/2021","1,730.18","1,708.09","1,730.80","1,705.42","","1.36%"
"03/31/2021","1,707.01","1,685.59","1,715.28","1,677.93","","1.32%"
"03/30/2021","1,684.80","1,712.55","1,714.74","1,678.85","","-1.59%"
"03/29/2021","1,711.99","1,732.15","1,733.34","1,705.58","","-1.15%"
"03/26/2021","1,731.97","1,727.30","1,737.01","1,721.23","","0.30%"
"03/25/2021","1,726.82","1,735.65","1,745.95","1,721.84","","-0.42%"
"03/24/2021","1,734.19","1,727.80","1,738.56","1,723.85","","0.41%"
"03/23/2021","1,727.11","1,739.05","1,742.85","1,724.42","","-0.67%"
"03/22/2021","1,738.69","1,745.74","1,747.18","1,727.40","","-0.35%"
"03/19/2021","1,744.74","1,735.90","1,746.88","1,728.04","","0.48%"
"03/18/2021","1,736.41","1,745.09","1,755.59","1,719.05","","-0.46%"
"03/17/2021","1,744.44","1,730.61","1,751.81","1,724.14","","0.78%"
"03/16/2021","1,730.94","1,730.57","1,741.40","1,725.80","","-0.05%"
"03/15/2021","1,731.84","1,727.74","1,734.99","1,721.31","","0.31%"
"03/12/2021","1,726.41","1,721.59","1,728.42","1,698.85","","0.29%"
"03/11/2021","1,721.41","1,726.55","1,739.99","1,719.38","","-0.27%"
"03/10/2021","1,726.05","1,715.94","1,726.76","1,707.99","","0.62%"
"03/09/2021","1,715.36","1,682.55","1,720.83","1,679.80","","2.03%"
"03/08/2021","1,681.24","1,702.80","1,714.45","1,676.70","","-1.15%"
"03/05/2021","1,700.86","1,698.59","1,707.76","1,687.12","","0.22%"
"03/04/2021","1,697.19","1,711.84","1,723.34","1,690.64","","-0.80%"
"03/03/2021","1,710.95","1,738.59","1,740.85","1,701.94","","-1.56%"
"03/02/2021","1,738.09","1,724.10","1,738.89","1,707.18","","0.83%"
"03/01/2021","1,723.84","1,733.40","1,760.02","1,719.52","","-0.56%"
"02/26/2021","1,733.49","1,770.49","1,776.10","1,717.26","","-2.06%"
"02/25/2021","1,769.88","1,804.80","1,806.06","1,765.44","","-1.91%"
"02/24/2021","1,804.36","1,805.34","1,813.99","1,783.30","","-0.04%"
"02/23/2021","1,805.06","1,809.09","1,816.27","1,795.78","","-0.20%"
"02/22/2021","1,808.66","1,782.24","1,812.76","1,780.46","","1.48%"
"02/19/2021","1,782.31","1,776.19","1,791.70","1,760.13","","0.38%"
"02/18/2021","1,775.49","1,776.69","1,789.88","1,767.98","","-0.04%"
"02/17/2021","1,776.26","1,794.65","1,795.45","1,769.27","","-1.01%"
"02/16/2021","1,794.31","1,819.34","1,826.75","1,789.19","","-1.33%"
"02/15/2021","1,818.51","1,825.34","1,827.59","1,815.71","","-0.27%"
"02/12/2021","1,823.46","1,825.90","1,830.80","1,810.33","","-0.10%"
"02/11/2021","1,825.36","1,842.65","1,847.95","1,820.63","","-0.91%"
"02/10/2021","1,842.22","1,837.55","1,855.70","1,833.91","","0.28%"
"02/09/2021","1,837.06","1,830.59","1,849.15","1,828.63","","0.38%"
"02/08/2021","1,830.16","1,815.44","1,839.15","1,807.48","","1.02%"
"02/05/2021","1,811.62","1,792.49","1,815.32","1,791.80","","1.08%"
"02/04/2021","1,792.26","1,834.34","1,835.13","1,785.15","","-2.26%"
"02/03/2021","1,833.76","1,837.49","1,845.29","1,829.49","","-0.20%"
"02/02/2021","1,837.35","1,860.84","1,864.26","1,829.46","","-1.23%"
"02/01/2021","1,860.16","1,863.05","1,871.84","1,849.04","","0.76%"
"01/29/2021","1,846.09","1,840.90","1,876.03","1,839.56","","0.31%"
"01/28/2021","1,840.36","1,844.34","1,864.26","1,833.81","","-0.20%"
"01/27/2021","1,843.99","1,850.65","1,853.58","1,831.29","","-0.34%"
"01/26/2021","1,850.31","1,855.55","1,861.86","1,848.36","","-0.25%"
"01/25/2021","1,854.99","1,855.75","1,868.45","1,847.30","","0.13%"
"01/22/2021","1,852.55","1,870.09","1,871.17","1,837.09","","-0.93%"
"01/21/2021","1,869.91","1,871.07","1,875.45","1,858.16","","-0.05%"
"01/20/2021","1,870.91","1,840.05","1,872.03","1,832.46","","1.72%"
"01/19/2021","1,839.34","1,838.09","1,845.98","1,833.06","","0.13%"
"01/18/2021","1,836.89","1,828.94","1,840.95","1,810.46","","0.56%"
"01/15/2021","1,826.59","1,846.80","1,856.85","1,823.21","","-1.07%"
"01/14/2021","1,846.37","1,843.94","1,857.59","1,833.21","","0.16%"
"01/13/2021","1,843.41","1,856.19","1,863.26","1,843.34","","-0.66%"
"01/12/2021","1,855.63","1,845.34","1,864.08","1,837.41","","0.59%"
"01/11/2021","1,844.66","1,849.34","1,857.05","1,817.14","","-0.19%"
"01/08/2021","1,848.26","1,912.90","1,917.85","1,828.74","","-3.36%"
"01/07/2021","1,912.50","1,919.40","1,927.97","1,906.86","","-0.33%"
"01/06/2021","1,918.81","1,950.30","1,959.60","1,901.11","","-1.57%"
"01/05/2021","1,949.35","1,942.65","1,953.17","1,934.08","","0.36%"
"01/04/2021","1,942.28","1,906.05","1,944.65","1,905.36","","2.33%"
"01/01/2021","1,898.10","1,897.69","1,899.12","1,897.39","","0.09%"
"12/31/2020","1,896.49","1,893.55","1,901.26","1,884.77","","0.16%"
"12/30/2020","1,893.37","1,878.34","1,894.06","1,875.66","","0.82%"
"12/29/2020","1,877.99","1,872.24","1,886.91","1,870.99","","0.36%"
"12/28/2020","1,871.19","1,885.93","1,900.53","1,869.21","","-0.25%"
"12/25/2020","1,875.82","1,877.07","1,877.07","1,877.07","","-0.04%"
"12/24/2020","1,876.56","1,872.74","1,882.55","1,869.52","","0.24%"
"12/23/2020","1,872.08","1,859.99","1,878.59","1,858.59","","0.67%"
"12/22/2020","1,859.56","1,876.65","1,884.61","1,858.73","","-0.89%"
"12/21/2020","1,876.21","1,883.20","1,906.93","1,856.69","","-0.24%"
"12/18/2020","1,880.66","1,885.80","1,889.88","1,876.97","","-0.28%"
"12/17/2020","1,885.87","1,864.26","1,896.26","1,861.83","","1.17%"
"12/16/2020","1,864.15","1,853.94","1,866.20","1,844.75","","0.58%"
"12/15/2020","1,853.46","1,827.80","1,855.76","1,825.29","","1.44%"
"12/14/2020","1,827.17","1,839.30","1,839.86","1,819.92","","-0.64%"
"12/11/2020","1,839.03","1,835.55","1,847.89","1,824.23","","0.20%"
"12/10/2020","1,835.31","1,839.59","1,850.40","1,828.48","","-0.21%"
"12/09/2020","1,839.11","1,871.19","1,871.37","1,825.71","","-1.72%"
"12/08/2020","1,871.36","1,863.55","1,875.79","1,859.83","","0.41%"
"12/07/2020","1,863.69","1,837.99","1,868.76","1,822.99","","1.42%"
"12/04/2020","1,837.61","1,841.05","1,848.26","1,829.30","","-0.15%"
"12/03/2020","1,840.36","1,831.34","1,844.45","1,823.60","","0.51%"
"12/02/2020","1,831.01","1,815.19","1,832.65","1,806.99","","0.89%"
"12/01/2020","1,814.87","1,777.40","1,817.55","1,775.52","","2.13%"
"11/30/2020","1,777.02","1,789.05","1,789.99","1,764.69","","-0.62%"
"11/27/2020","1,788.13","1,811.09","1,813.81","1,773.93","","-1.24%"
"11/26/2020","1,810.57","1,805.74","1,818.78","1,805.31","","0.29%"
"11/25/2020","1,805.30","1,807.69","1,817.98","1,801.33","","-0.12%"
"11/24/2020","1,807.51","1,836.65","1,839.26","1,800.69","","-1.54%"
"11/23/2020","1,835.85","1,869.84","1,876.72","1,830.85","","-1.85%"
"11/20/2020","1,870.49","1,867.59","1,879.98","1,860.66","","0.17%"
"11/19/2020","1,867.37","1,871.44","1,874.34","1,852.48","","-0.22%"
"11/18/2020","1,871.41","1,878.60","1,884.92","1,863.94","","-0.38%"
"11/17/2020","1,878.60","1,889.15","1,893.90","1,877.69","","-0.52%"
"11/16/2020","1,888.52","1,888.74","1,899.35","1,864.74","","0.03%"
"11/13/2020","1,888.04","1,876.44","1,897.16","1,873.76","","0.65%"
"11/12/2020","1,875.76","1,865.30","1,883.88","1,862.46","","0.59%"
"11/11/2020","1,864.71","1,877.34","1,884.93","1,856.05","","-0.63%"
"11/10/2020","1,876.50","1,862.15","1,890.60","1,860.30","","0.79%"
"11/09/2020","1,861.86","1,954.65","1,965.92","1,850.36","","-4.59%"
"11/06/2020","1,951.51","1,949.24","1,960.77","1,935.40","","0.15%"
"11/05/2020","1,948.56","1,903.65","1,952.95","1,902.43","","2.38%"
"11/04/2020","1,903.21","1,908.59","1,916.68","1,883.15","","-0.27%"
"11/03/2020","1,908.36","1,895.80","1,910.71","1,886.81","","0.70%"
"11/02/2020","1,895.10","1,878.59","1,896.12","1,873.21","","0.91%"
"10/30/2020","1,877.95","1,868.24","1,889.85","1,864.64","","0.58%"
"10/29/2020","1,867.13","1,876.94","1,885.42","1,859.67","","-0.53%"
"10/28/2020","1,877.06","1,908.05","1,911.03","1,869.59","","-1.56%"
"10/27/2020","1,906.83","1,902.19","1,911.34","1,897.47","","0.27%"
"10/26/2020","1,901.69","1,902.34","1,908.55","1,890.90","","0.05%"
"10/23/2020","1,900.79","1,904.24","1,914.30","1,894.54","","-0.17%"
"10/22/2020","1,904.04","1,924.34","1,926.00","1,894.80","","-1.06%"
"10/21/2020","1,924.49","1,908.65","1,931.41","1,907.94","","0.95%"
"10/20/2020","1,906.39","1,904.24","1,914.20","1,894.74","","0.11%"
"10/19/2020","1,904.27","1,899.94","1,918.59","1,897.09","","0.28%"
"10/16/2020","1,898.97","1,907.95","1,914.06","1,897.59","","-0.46%"
"10/15/2020","1,907.82","1,900.31","1,909.22","1,889.46","","0.36%"
"10/14/2020","1,900.89","1,891.90","1,913.03","1,882.44","","0.53%"
"10/13/2020","1,890.82","1,922.42","1,925.73","1,886.59","","-1.62%"
"10/12/2020","1,921.95","1,930.50","1,933.45","1,918.19","","-0.39%"
"10/09/2020","1,929.43","1,894.19","1,930.83","1,893.32","","1.92%"
"10/08/2020","1,893.09","1,887.40","1,900.73","1,881.86","","0.31%"
"10/07/2020","1,887.22","1,878.84","1,898.31","1,873.05","","0.54%"
"10/06/2020","1,877.13","1,913.28","1,921.10","1,874.57","","-1.87%"
"10/05/2020","1,912.90","1,902.24","1,918.74","1,886.81","","0.75%"
"10/02/2020","1,898.70","1,905.65","1,917.28","1,889.57","","-0.33%"
"10/01/2020","1,905.05","1,885.80","1,912.09","1,884.48","","1.04%"
"09/30/2020","1,885.44","1,897.81","1,902.39","1,881.31","","-0.65%"
"09/29/2020","1,897.69","1,881.40","1,899.24","1,875.56","","0.90%"
"09/28/2020","1,880.85","1,859.00","1,883.39","1,849.19","","1.12%"
"09/25/2020","1,860.05","1,868.61","1,875.28","1,852.59","","-0.43%"
"09/24/2020","1,868.04","1,863.42","1,877.30","1,848.45","","0.24%"
"09/23/2020","1,863.55","1,900.20","1,905.56","1,855.77","","-1.88%"
"09/22/2020","1,899.28","1,912.80","1,919.99","1,894.93","","-0.69%"
"09/21/2020","1,912.57","1,949.55","1,955.75","1,883.21","","-1.90%"
"09/18/2020","1,949.69","1,943.87","1,960.20","1,941.79","","0.37%"
"09/17/2020","1,942.60","1,959.99","1,963.48","1,932.99","","-0.85%"
"09/16/2020","1,959.32","1,956.19","1,973.63","1,949.89","","0.19%"
"09/15/2020","1,955.52","1,957.31","1,972.35","1,948.64","","-0.04%"
"09/14/2020","1,956.37","1,941.05","1,962.52","1,937.46","","0.77%"
"09/11/2020","1,941.50","1,955.20","1,957.95","1,937.42","","-0.64%"
"09/10/2020","1,954.07","1,946.06","1,966.50","1,941.42","","0.38%"
"09/09/2020","1,946.66","1,932.26","1,950.95","1,920.20","","0.80%"
"09/08/2020","1,931.26","1,929.14","1,940.80","1,906.57","","0.11%"
"09/07/2020","1,929.18","1,930.35","1,941.45","1,924.43","","-0.19%"
"09/04/2020","1,932.85","1,931.51","1,942.25","1,916.64","","0.10%"
"09/03/2020","1,930.85","1,943.00","1,951.15","1,921.95","","-0.62%"
"09/02/2020","1,942.98","1,969.71","1,974.41","1,932.75","","-1.40%"
"09/01/2020","1,970.49","1,967.58","1,992.26","1,963.22","","0.02%"
"08/31/2020","1,970.15","1,965.39","1,976.53","1,954.55","","0.27%"
"08/28/2020","1,964.89","1,929.44","1,973.81","1,923.71","","1.85%"
"08/27/2020","1,929.20","1,953.35","1,976.32","1,909.96","","-1.27%"
"08/26/2020","1,954.03","1,928.66","1,955.15","1,902.81","","1.34%"
"08/25/2020","1,928.19","1,932.66","1,937.55","1,914.31","","-0.25%"
"08/24/2020","1,933.09","1,938.63","1,962.04","1,924.28","","-0.36%"
"08/21/2020","1,940.16","1,946.96","1,956.37","1,911.76","","-0.18%"
"08/20/2020","1,943.60","1,929.28","1,955.99","1,925.47","","0.71%"
"08/19/2020","1,929.82","2,001.22","2,006.51","1,924.63","","-3.57%"
"08/18/2020","2,001.20","1,985.47","2,015.23","1,977.56","","0.76%"
"08/17/2020","1,986.20","1,946.22","1,990.91","1,929.74","","2.16%"
"08/14/2020","1,944.29","1,953.98","1,962.62","1,932.46","","-0.50%"
"08/13/2020","1,954.00","1,920.87","1,966.83","1,913.42","","1.87%"
"08/12/2020","1,918.07","1,911.26","1,949.26","1,863.92","","0.34%"
"08/11/2020","1,911.64","2,027.11","2,031.59","1,901.57","","-5.73%"
"08/10/2020","2,027.77","2,033.71","2,050.10","2,019.42","","-0.36%"
"08/07/2020","2,035.03","2,064.52","2,072.90","2,015.48","","-1.39%"
"08/06/2020","2,063.81","2,040.03","2,069.84","2,034.83","","1.15%"
"08/05/2020","2,040.40","2,018.98","2,056.10","2,010.33","","1.08%"
"08/04/2020","2,018.52","1,976.45","2,019.96","1,968.38","","2.09%"
"08/03/2020","1,977.25","1,980.43","1,985.22","1,960.15","","0.07%"
"07/31/2020","1,975.89","1,960.96","1,981.11","1,955.99","","0.79%"
"07/30/2020","1,960.50","1,970.89","1,972.25","1,940.17","","-0.52%"
"07/29/2020","1,970.73","1,959.71","1,980.67","1,944.96","","0.57%"
"07/28/2020","1,959.50","1,942.22","1,981.14","1,907.69","","0.88%"
"07/27/2020","1,942.42","1,899.29","1,945.71","1,899.29","","2.15%"
"07/24/2020","1,901.46","1,886.83","1,906.47","1,881.58","","0.74%"
"07/23/2020","1,887.44","1,871.97","1,898.49","1,862.38","","0.82%"
"07/22/2020","1,872.07","1,841.89","1,872.41","1,840.25","","1.62%"
"07/21/2020","1,842.22","1,815.53","1,843.75","1,815.44","","1.44%"
"07/20/2020","1,816.09","1,809.28","1,820.76","1,805.70","","0.34%"
"07/17/2020","1,809.90","1,797.30","1,812.59","1,795.11","","0.72%"
"07/16/2020","1,797.05","1,811.72","1,813.41","1,795.10","","-0.82%"
"07/15/2020","1,811.90","1,808.14","1,815.00","1,802.91","","0.23%"
"07/14/2020","1,807.78","1,802.77","1,810.94","1,791.02","","0.24%"
"07/13/2020","1,803.39","1,798.69","1,813.65","1,797.94","","0.25%"
"07/10/2020","1,798.89","1,801.71","1,810.94","1,794.47","","-0.24%"
"07/09/2020","1,803.19","1,810.68","1,815.99","1,795.76","","-0.42%"
"07/08/2020","1,810.78","1,794.93","1,818.37","1,791.82","","0.86%"
"07/07/2020","1,795.26","1,784.57","1,797.93","1,774.37","","0.64%"
"07/06/2020","1,783.90","1,776.24","1,786.98","1,770.09","","0.50%"
"07/03/2020","1,775.05","1,774.03","1,777.01","1,772.03","","-0.06%"
"07/02/2020","1,776.13","1,769.60","1,780.21","1,757.85","","0.33%"
"07/01/2020","1,770.32","1,780.91","1,789.27","1,759.02","","-0.64%"
"06/30/2020","1,781.66","1,771.77","1,786.46","1,765.77","","0.53%"
"06/29/2020","1,772.28","1,773.27","1,775.86","1,766.07","","0.05%"
"06/26/2020","1,771.47","1,762.35","1,772.36","1,748.04","","0.55%"
"06/25/2020","1,761.82","1,759.76","1,768.84","1,755.23","","-0.03%"
"06/24/2020","1,762.43","1,769.09","1,780.06","1,761.09","","-0.29%"
"06/23/2020","1,767.54","1,756.03","1,771.69","1,747.90","","0.69%"
"06/22/2020","1,755.44","1,749.00","1,763.82","1,743.78","","0.68%"
"06/19/2020","1,743.62","1,723.16","1,745.68","1,721.36","","1.20%"
"06/18/2020","1,722.99","1,725.57","1,736.87","1,717.28","","-0.23%"
"06/17/2020","1,727.04","1,727.34","1,730.62","1,713.37","","-0.02%"
"06/16/2020","1,727.46","1,725.79","1,733.06","1,715.93","","0.11%"
"06/15/2020","1,725.53","1,732.35","1,734.78","1,704.76","","-0.30%"
"06/12/2020","1,730.80","1,728.32","1,743.59","1,723.12","","0.19%"
"06/11/2020","1,727.51","1,737.11","1,744.72","1,721.34","","-0.55%"
"06/10/2020","1,737.10","1,714.33","1,740.29","1,708.83","","1.31%"
"06/09/2020","1,714.57","1,700.25","1,720.75","1,691.92","","1.13%"
"06/08/2020","1,695.47","1,684.16","1,701.27","1,677.61","","0.57%"
"06/05/2020","1,685.83","1,711.20","1,716.39","1,670.75","","-1.52%"
"06/04/2020","1,711.84","1,699.11","1,722.22","1,697.40","","0.78%"
"06/03/2020","1,698.63","1,728.97","1,732.92","1,690.01","","-1.70%"
"06/02/2020","1,727.97","1,740.93","1,745.54","1,721.52","","-0.71%"
"06/01/2020","1,740.34","1,736.42","1,744.52","1,727.03","","0.70%"
"05/29/2020","1,728.30","1,721.70","1,738.99","1,713.79","","0.52%"
"05/28/2020","1,719.40","1,709.68","1,727.69","1,707.19","","0.59%"
"05/27/2020","1,709.25","1,712.03","1,715.77","1,693.60","","-0.19%"
"05/26/2020","1,712.45","1,729.65","1,736.29","1,708.31","","-0.99%"
"05/25/2020","1,729.57","1,734.73","1,735.57","1,720.47","","-0.37%"
"05/22/2020","1,736.07","1,725.26","1,741.51","1,724.29","","0.56%"
"05/21/2020","1,726.34","1,750.18","1,750.64","1,717.56","","-1.32%"
"05/20/2020","1,749.50","1,744.44","1,754.08","1,740.91","","0.25%"
"05/19/2020","1,745.11","1,733.37","1,748.77","1,725.83","","0.74%"
"05/18/2020","1,732.32","1,742.93","1,764.81","1,726.26","","-0.61%"
"05/15/2020","1,743.00","1,731.13","1,753.25","1,728.52","","0.71%"
"05/14/2020","1,730.65","1,715.01","1,737.34","1,710.39","","0.85%"
"05/13/2020","1,715.99","1,701.21","1,718.33","1,697.92","","0.78%"
"05/12/2020","1,702.72","1,696.25","1,711.04","1,692.28","","0.32%"
"05/11/2020","1,697.35","1,703.76","1,713.67","1,691.56","","-0.31%"
"05/08/2020","1,702.65","1,717.46","1,724.56","1,701.61","","-0.89%"
"05/07/2020","1,717.94","1,686.08","1,722.02","1,681.96","","1.90%"
"05/06/2020","1,685.88","1,705.77","1,707.85","1,681.34","","-1.25%"
"05/05/2020","1,707.17","1,701.78","1,712.60","1,691.13","","0.32%"
"05/04/2020","1,701.69","1,697.26","1,712.00","1,690.96","","0.08%"
"05/01/2020","1,700.41","1,685.24","1,706.21","1,669.82","","0.91%"
"04/30/2020","1,685.05","1,715.22","1,726.14","1,684.16","","-1.60%"
"04/29/2020","1,712.38","1,708.72","1,717.52","1,697.72","","0.22%"
"04/28/2020","1,708.63","1,716.19","1,716.19","1,691.80","","-0.40%"
"04/27/2020","1,715.57","1,724.86","1,727.82","1,705.82","","-0.80%"
"04/24/2020","1,729.43","1,733.32","1,737.89","1,710.63","","-0.12%"
"04/23/2020","1,731.59","1,713.00","1,738.84","1,704.05","","0.98%"
"04/22/2020","1,714.82","1,686.47","1,719.66","1,680.05","","1.65%"
"04/21/2020","1,687.02","1,694.22","1,698.48","1,660.99","","-0.42%"
"04/20/2020","1,694.12","1,691.44","1,703.02","1,671.74","","0.56%"
"04/17/2020","1,684.69","1,713.49","1,718.69","1,678.52","","-1.96%"
"04/16/2020","1,718.40","1,716.29","1,738.74","1,706.92","","0.10%"
"04/15/2020","1,716.60","1,729.43","1,731.43","1,706.99","","-0.76%"
"04/14/2020","1,729.70","1,714.09","1,748.50","1,709.10","","0.90%"
"04/13/2020","1,714.32","1,682.25","1,722.36","1,672.95","","1.45%"
"04/10/2020","1,689.90","1,675.00","1,696.50","1,675.00","","0.35%"
"04/09/2020","1,684.07","1,644.28","1,690.29","1,642.34","","2.28%"
"04/08/2020","1,646.52","1,645.94","1,657.06","1,641.15","","-0.15%"
"04/07/2020","1,648.95","1,662.38","1,671.88","1,641.06","","-0.84%"
"04/06/2020","1,663.00","1,596.80","1,669.76","1,596.80","","2.75%"
"04/03/2020","1,618.45","1,609.99","1,627.04","1,607.00","","0.29%"
"04/02/2020","1,613.79","1,590.75","1,621.27","1,576.43","","1.17%"
"04/01/2020","1,595.05","1,569.45","1,604.12","1,568.91","","1.51%"
"03/31/2020","1,571.31","1,612.25","1,623.52","1,562.25","","-3.20%"
"03/30/2020","1,623.30","1,617.38","1,635.59","1,607.63","","-0.01%"
"03/27/2020","1,623.50","1,634.99","1,640.76","1,614.75","","-0.54%"
"03/26/2020","1,632.38","1,620.16","1,645.80","1,595.81","","1.15%"
"03/25/2020","1,613.79","1,618.79","1,636.29","1,584.18","","-0.51%"
"03/24/2020","1,622.03","1,565.36","1,644.35","1,564.77","","4.39%"
"03/23/2020","1,553.81","1,508.25","1,561.76","1,485.40","","3.71%"
"03/20/2020","1,498.24","1,470.39","1,516.43","1,460.49","","1.85%"
"03/19/2020","1,471.00","1,486.10","1,501.61","1,464.75","","-1.03%"
"03/18/2020","1,486.30","1,527.30","1,546.05","1,472.60","","-2.77%"
"03/17/2020","1,528.58","1,512.05","1,553.11","1,465.60","","0.92%"
"03/16/2020","1,514.61","1,550.59","1,573.49","1,451.68","","-0.99%"
"03/13/2020","1,529.70","1,576.83","1,597.72","1,506.73","","-3.00%"
"03/12/2020","1,577.09","1,634.69","1,650.13","1,560.96","","-3.54%"
"03/11/2020","1,635.03","1,649.69","1,670.97","1,632.90","","-0.87%"
"03/10/2020","1,649.36","1,678.90","1,680.36","1,642.11","","-1.84%"
"03/09/2020","1,680.20","1,694.60","1,703.16","1,657.96","","0.36%"
"03/06/2020","1,674.23","1,670.66","1,692.11","1,647.98","","0.22%"
"03/05/2020","1,670.61","1,635.83","1,674.66","1,634.92","","2.13%"
"03/04/2020","1,635.83","1,639.85","1,651.68","1,631.99","","-0.24%"
"03/03/2020","1,639.77","1,590.78","1,649.50","1,587.79","","3.08%"
"03/02/2020","1,590.73","1,590.99","1,610.78","1,579.54","","0.35%"
"02/28/2020","1,585.12","1,642.14","1,649.49","1,565.86","","-3.48%"
"02/27/2020","1,642.35","1,640.56","1,660.44","1,635.66","","0.15%"
"02/26/2020","1,639.96","1,635.46","1,655.07","1,625.72","","0.28%"
"02/25/2020","1,635.38","1,660.72","1,660.85","1,629.01","","-1.53%"
"02/24/2020","1,660.72","1,658.96","1,688.96","1,652.30","","1.04%"
"02/21/2020","1,643.70","1,619.79","1,649.14","1,618.99","","1.48%"
"02/20/2020","1,619.70","1,611.71","1,623.74","1,603.89","","0.50%"
"02/19/2020","1,611.64","1,601.80","1,612.91","1,599.49","","0.61%"
"02/18/2020","1,601.91","1,583.31","1,605.35","1,582.96","","1.32%"
"02/17/2020","1,581.10","1,584.75","1,584.86","1,578.40","","-0.23%"
"02/14/2020","1,584.70","1,576.29","1,585.04","1,573.15","","0.53%"
"02/13/2020","1,576.39","1,565.62","1,578.11","1,565.43","","0.69%"
"02/12/2020","1,565.63","1,567.73","1,570.48","1,561.46","","-0.13%"
"02/11/2020","1,567.72","1,572.01","1,573.96","1,562.18","","-0.29%"
"02/10/2020","1,572.30","1,569.94","1,577.16","1,568.01","","0.13%"
"02/07/2020","1,570.29","1,566.96","1,574.05","1,562.38","","0.22%"
"02/06/2020","1,566.85","1,556.88","1,568.29","1,552.24","","0.65%"
"02/05/2020","1,556.70","1,552.57","1,562.31","1,547.20","","0.27%"
"02/04/2020","1,552.55","1,576.30","1,579.54","1,548.99","","-1.52%"
"02/03/2020","1,576.45","1,589.85","1,591.86","1,571.26","","-0.86%"
"01/31/2020","1,590.20","1,574.27","1,590.20","1,570.84","","1.02%"
"01/30/2020","1,574.22","1,576.98","1,585.97","1,572.49","","-0.18%"
"01/29/2020","1,577.12","1,566.21","1,577.96","1,563.10","","0.69%"
"01/28/2020","1,566.24","1,582.05","1,583.17","1,565.64","","-0.99%"
"01/27/2020","1,581.95","1,579.99","1,586.72","1,575.59","","0.72%"
"01/24/2020","1,570.65","1,563.29","1,575.76","1,556.16","","0.47%"
"01/23/2020","1,563.33","1,558.93","1,567.94","1,551.29","","0.28%"
"01/22/2020","1,558.91","1,558.03","1,559.35","1,549.81","","0.06%"
"01/21/2020","1,558.02","1,560.85","1,568.65","1,546.25","","-0.23%"
"01/20/2020","1,561.58","1,558.56","1,562.81","1,556.35","","0.32%"
"01/17/2020","1,556.61","1,552.90","1,561.30","1,549.26","","0.25%"
"01/16/2020","1,552.79","1,556.17","1,558.14","1,547.85","","-0.22%"
"01/15/2020","1,556.19","1,546.26","1,558.23","1,546.01","","0.64%"
"01/14/2020","1,546.37","1,548.31","1,548.80","1,535.88","","-0.12%"
"01/13/2020","1,548.30","1,562.29","1,562.30","1,546.52","","-0.89%"
"01/10/2020","1,562.28","1,552.26","1,563.19","1,545.32","","0.64%"
"01/09/2020","1,552.37","1,555.76","1,561.33","1,539.88","","-0.22%"
"01/08/2020","1,555.81","1,573.99","1,611.00","1,551.97","","-1.16%"
"01/07/2020","1,573.99","1,565.93","1,577.38","1,555.10","","0.51%"
"01/06/2020","1,565.96","1,560.59","1,582.69","1,560.59","","0.92%"
"01/03/2020","1,551.65","1,529.11","1,553.45","1,527.95","","1.49%"
"01/02/2020","1,528.94","1,517.13","1,531.30","1,517.09","","0.77%"
"01/01/2020","1,517.30","1,517.26","1,517.48","1,517.20","","-0.01%"